Algorithm,Run,Seed,Configuration,Time_s,Final_Cost,Best_Cost_Iter,Num_FO_Evaluations,Convergence_Iteration,Converged_Successfully,MSE_Current,MSE_Torque,MSE_RPM,RMSE_Total,MAE_Current,MAE_Torque,MAE_RPM,rs_identified,rr_identified,Lls_identified,Llr_identified,Lm_identified,J_identified,B_identified,Error_pct_rs,Error_pct_rr,Error_pct_Lls,Error_pct_Llr,Error_pct_Lm,Error_pct_J,Error_pct_B,Average_Error_Pct,Average_Absolute_Error,Euclidean_Distance,Max_Param_Error,Good_Params_5pct,R_Squared,MAPE_Average,Theil_Coefficient,Criterion_Error10pct,Criterion_Cost001,Criterion_5Params5pct,Criterion_R2_95pct,Criteria_Met
PSO,1,431120,PSO_30p_50i,124.50459241867064,80.66011107422585,80.66011107422585,1500.0,-1.0,False,0.1086441243442712,0.1164920199830367,268.3107364663002,8.981097431507235,1.504095542836961,1.7816632096037353,53.31378396092626,2.939042651374504,1.74385375548394,0.0084397620700209,0.0060298606338333,0.208695165151577,0.0200013533330384,0.0011324876789408,19.960924545898106,4.7074450555224105,5.497025875262186,24.626742077082717,2.8055000746684606,0.0067666651924584,13.248767894082036,10.121881741101197,0.0833468290700439,0.4966089181723842,24.626742077082717,3.0,0.9986218064360884,18.28878655010109,0.0134682033393275,False,False,False,True,1.0
PSO,2,319943,PSO_30p_50i,131.3237702846527,84.9073573185737,84.9073573185737,1500.0,-1.0,False,3.352845735559099,1.259244691216264,269.74963079135495,9.214518832721202,4.399265117940399,3.195584939253708,51.555697187086025,2.324314021751809,2.200870210705002,0.0096953138210625,0.0103770393383948,0.162183422208247,0.0166952729442999,0.0007653865037553,5.13003992849758,20.266131732513763,21.191422763281636,29.71299172993603,20.10668856736599,16.52363527850026,23.46134962446593,19.48460851779445,0.0778549229223354,0.3937349006737666,29.71299172993603,0.0,0.9574678295634892,20.49047847010433,0.0807132412895022,False,False,False,True,1.0
PSO,3,861914,PSO_30p_50i,130.22952389717102,86.33912020390346,86.33912020390346,1500.0,-1.0,False,2.0011029959141777,0.3181921982725711,280.5964036961767,9.291884642197376,4.101758947138045,2.7134854801070816,53.060237895882665,3.051570807180896,1.4915827463195894,0.0067972930840689,0.0057513786176509,0.1757600900564161,0.0205683261643119,0.0013991866510581,24.55391049717941,18.49274610275468,15.03383644913844,28.10776727936305,13.418674849056089,2.8416308215595785,39.91866510581716,20.338175872124054,0.1388066874169343,0.6907696225814063,39.91866510581716,1.0,0.9746152193103984,26.691301310801947,0.0549678233795522,False,False,False,True,1.0
PSO,4,988606,PSO_30p_50i,125.66117095947266,85.92367226195516,85.92367226195516,1500.0,-1.0,False,0.9520261503382244,0.0836543193032156,283.0993965065511,9.269502266138952,2.24303700358681,1.1414273767086645,53.134428653652094,2.2783950049310677,1.6437210708472445,0.0080933000409325,0.0074939935822243,0.1467118541938745,0.0196304970565385,0.0013549337704578,7.004285513017669,10.179176456434742,1.1662505116568755,6.3250802221958935,27.72815064341153,1.8475147173070867,35.49337704578633,12.82054787283002,0.0593565447429202,0.259455191497485,35.49337704578633,2.0,0.9879231728269632,27.695939380447225,0.0387989187478121,False,False,False,True,1.0
PSO,5,955355,PSO_30p_50i,122.62056136131288,86.85389828068338,86.85389828068338,1500.0,-1.0,False,1.4986640627047796,0.3335078486327285,283.9616009788741,9.31954388801745,2.74420190859826,1.961419141154176,56.08636789509751,2.122954263790411,2.1684508535916622,0.008333387100517,0.0100985189416071,0.1446413002076906,0.0188927008687011,0.0006126160065061,13.348805559575071,18.494582163478807,4.167338756463131,26.231486770089944,28.74812797650708,5.536495656494247,38.73839934938968,19.32360517599971,0.1039688398229253,0.4742568110398391,38.73839934938968,1.0,0.9809888553278744,22.06143613409563,0.0520766876373787,False,False,False,True,1.0
PSO,6,858061,PSO_30p_50i,121.89829897880554,79.47853937332529,79.47853937332529,1500.0,-1.0,False,0.0772992731770536,0.0749782695035092,264.5458365513216,8.915073716651214,0.90474038425668,0.991429295128102,54.35996645022283,2.220138318359022,1.8895166175754,0.0054698630669377,0.0112191166717306,0.2067698958083448,0.0200767848908584,0.0014776943506844,9.382109454733795,3.2522741844480785,31.62671166327797,40.23895839663283,1.8570915312043497,0.3839244542922122,47.7694350684428,19.21578639329029,0.0427788468387226,0.2375075387470866,47.7694350684428,3.0,0.9990194282347928,24.394822884359986,0.011403241301966,False,False,False,True,1.0
PSO,7,300980,PSO_30p_50i,122.67287468910216,80.39054894633355,80.39054894633355,1500.0,-1.0,False,1.5645411571064471,0.9884857934574957,261.10588297499453,8.966077679026295,3.863370892949306,4.8371887430458855,50.68312721014934,3.668464482609093,1.8487909489438537,0.0084491086244788,0.0068810826874373,0.2925287569507148,0.0175218108524774,0.0006231576565364,49.73324418812623,1.026827811139552,5.613857805985807,13.986466407033166,44.10283593631269,12.39094573761269,37.6842343463506,23.505487461794388,0.190172463704527,1.2218968575822209,49.73324418812623,1.0,0.9801531784050628,22.07085733321057,0.0538673693349461,False,False,False,True,1.0
PSO,8,344578,PSO_30p_50i,122.40341138839722,88.09922246167677,88.09922246167677,1500.0,-1.0,False,2.3889296471984878,0.8406664734915626,284.29986525910834,9.386118604709658,3.649245729257796,2.6831341586886985,54.489899879998575,2.3037465727064905,1.642332321554381,0.0042034874542299,0.0099473120420911,0.2322353060083332,0.0226711196744004,0.0011464451866027,5.969527644633047,10.255064395935468,47.45640682212522,24.34140052613972,14.401628575533628,13.355598372002277,14.644518660275867,18.632020713806465,0.0531025430280466,0.2397692380266371,47.45640682212522,0.0,0.9696954852894428,21.129167953055184,0.0598502442949181,False,False,False,True,1.0
PSO,9,316794,PSO_30p_50i,121.9769537448883,82.53993331117216,82.53993331117216,1500.0,-1.0,False,1.4376065980100143,0.2860446565222039,269.86434794967016,9.085149052776854,2.9701076471242907,1.7025379816950714,50.25317113938286,2.411138868646315,2.043513264482864,0.0113991814602109,0.0066083521673904,0.220276530239899,0.0186950908824371,0.0006198362457579,1.586168626681023,11.66739150179584,42.48976825263727,17.39559790761966,8.510606029506883,6.524545587814188,38.01637542420227,18.027207618608163,0.0394466897487247,0.2177427807481168,42.48976825263727,1.0,0.981763393347109,16.61687733971638,0.0516971279317344,False,False,False,True,1.0
PSO,10,846878,PSO_30p_50i,123.42724204063416,85.43827517558803,85.43827517558803,1500.0,-1.0,False,1.183862826263398,0.6343366233484705,279.7908134588347,9.24328270559697,3.3535294193994183,3.687721333583095,54.75537247566467,3.3440641422542545,1.9239377008060237,0.0086968463040501,0.0071740038862129,0.2377516457209103,0.0179944430781694,0.0014871326447239,36.4924139695614,5.133207694318217,8.710578800627445,10.324951422337843,17.11903730094102,10.02778460915262,48.713264472393824,19.50303403847605,0.146681288680797,0.8996599837710916,48.713264472393824,0.0,0.984982233162097,27.529111418310663,0.0466558895072278,False,False,False,True,1.0
PSO,11,597163,PSO_30p_50i,123.15581917762756,83.01000870174802,83.01000870174802,1500.0,-1.0,False,5.461114480691718,0.5764992436285122,257.5354819974735,9.110982861456169,4.757180917640714,2.7157378787607285,52.79367349829636,2.291859484458353,1.5667719420572204,0.0062080311207107,0.00755565959911,0.1171961512555193,0.0221003839696111,0.0013519984519309,6.45471492006721,14.384046882119108,22.399610991116106,5.554255011123955,42.26790578545844,10.50191984805578,35.199845193095754,19.537471233005192,0.073123016275804,0.3188536932670798,42.26790578545844,0.0,0.9307236090814826,38.715634447803374,0.0881699613702795,False,False,False,False,0.0
PSO,12,807380,PSO_30p_50i,123.19300627708436,80.72193912466255,80.72193912466255,1500.0,-1.0,False,1.275476140987451,1.719669929182846,261.95542673027893,8.984538893268956,3.336443315332243,5.207667217269297,50.77141734819813,1.880512670231933,1.8088808851031144,0.0060348235717146,0.0090750105843558,0.2667831915036311,0.0233888487397694,0.0008259978251964,23.244380806859883,1.154049994365325,24.56470535356632,13.437632304447558,31.420291381099062,16.944243698847078,17.400217480352726,18.30936014564828,0.0944275248708282,0.5734515353867916,31.420291381099062,1.0,0.9838200821347556,21.11278035921011,0.0446494722413535,False,False,False,True,1.0
PSO,13,913294,PSO_30p_50i,122.93850946426392,81.99677527248811,81.99677527248811,1500.0,-1.0,False,0.379899597873074,0.8890812956277937,270.5744500893371,9.055207080596672,2.4173888350955224,4.46146780499398,51.869467861116846,3.3424199650220614,1.7294762570735966,0.0069043650846801,0.008623122625897,0.2175147492759617,0.0174429827759205,0.0010862761536603,36.425304694778006,5.493100706360843,13.695436441498332,7.789032823712774,7.150122796040241,12.785086120397375,8.627615366031032,13.137956992688371,0.1445457868776261,0.8981855205283529,36.425304694778006,0.0,0.9951808237778036,19.342118377342224,0.0258596666797934,False,False,False,True,1.0
PSO,14,710074,PSO_30p_50i,121.90958213806152,82.52968460995382,82.52968460995382,1500.0,-1.0,False,4.225962437115246,1.0827960272599613,259.207747197362,9.084584999324615,4.8887983875743295,2.985905011942576,52.78350688534988,2.321634250844592,2.286189658312635,0.0111815190228058,0.0091223262708132,0.1923570212585481,0.0169465944440307,0.0009194393633918,5.239418332873795,24.928396629105727,39.76898778507327,14.029078385165974,5.242846670665959,15.267027779846313,8.056063660810644,16.075974177648813,0.0860908853850987,0.4740472068889075,39.76898778507327,0.0,0.9463919998682238,18.43480324623452,0.0919348762997383,False,False,False,False,0.0
PSO,15,532494,PSO_30p_50i,123.39188051223756,92.44256904460056,92.44256904460055,1500.0,-1.0,False,2.158320283072244,0.442429286808487,300.2101137270802,9.614705874055668,3.594874669860747,2.2890817823599394,58.19573103041967,2.422698032147921,1.646833609103112,0.007600656668427,0.0062748022906074,0.1422914292387339,0.0219671595595044,0.0007452730814421,1.1143660347787503,10.009092398737057,4.991791644661696,21.56497136740704,29.905699882397077,9.835797797522106,25.472691855783165,14.69920156875527,0.0393604795756087,0.1949049131023427,29.905699882397077,2.0,0.9726208560201178,23.82707457399256,0.0571312732749356,False,False,False,True,1.0
PSO,16,648952,PSO_30p_50i,123.03520107269289,80.5662525408542,80.5662525408542,1500.0,-1.0,False,1.833545486912292,0.7676699084739826,261.16290699901634,8.97587057286669,3.2451945296222284,3.0477056046145883,53.48603250059682,2.4888181206217364,2.1237392805220106,0.0073344987528006,0.0114903567353193,0.1565001735061838,0.017546195977877,0.0011228146393339,1.5844130866014765,16.051326804481448,8.318765589992442,43.62945919149162,22.906318469860185,12.269020110614644,12.2814639333954,16.72010959806246,0.0551128148973626,0.2999508409620007,43.62945919149162,1.0,0.9767407523927002,23.594882920072557,0.0582534181942542,False,False,False,True,1.0
PSO,17,632946,PSO_30p_50i,128.25110411643982,81.51021529320555,81.51021529320555,1500.0,-1.0,False,2.599224185788682,1.8467611331269496,259.95870180284464,9.028300797669822,4.238578258884122,4.977492902437419,52.99619803864971,1.915967734798256,1.6572959956663933,0.006165524697504,0.0084123441734396,0.2951545244079399,0.0232028836528421,0.0014084313453727,21.797235314356914,9.437377285989442,22.93094128119981,5.154302167995104,45.396317442334905,16.014418264210743,40.843134537270295,23.081960899051037,0.114964132631063,0.5687913065135864,45.396317442334905,0.0,0.9670278161323668,31.18590357626569,0.0625468076024535,False,False,False,True,1.0
PSO,18,183136,PSO_30p_50i,132.1693241596222,80.40156155837609,80.40156155837609,1500.0,-1.0,False,1.4465236366330136,0.3692076696007271,262.5681136231424,8.966691784508715,3.525110864093591,2.8068352367318887,52.409088493713625,3.059670176233913,1.5701668109982316,0.0068523724644565,0.005895110883028,0.2959071458118284,0.0211809001237561,0.0008454054659542,24.884496989139294,14.198534918129422,14.345344194292538,26.311113962149523,45.76706690237853,5.904500618780975,15.45945340457387,20.9815015699206,0.1381426460511181,0.6692158946637076,45.76706690237853,0.0,0.9816502771955128,20.739221848299447,0.0475518273117132,False,False,False,True,1.0
PSO,19,785296,PSO_30p_50i,121.54596400260924,89.55801628216233,89.55801628216233,1500.0,-1.0,False,2.7723850894564444,0.9866938560156951,287.6409475489935,9.463509723256076,4.229098805515815,3.0986307949080576,53.57113559181158,2.1238929918488574,2.085782960549544,0.010676764093709,0.0093235702144769,0.2256472832534949,0.0168768190161074,0.0010161442416737,13.310490128618072,13.977210958991469,33.459551171363024,16.544627680961526,11.156297169209314,15.615904919462926,1.6144241673751811,15.096929456568786,0.0873824159268477,0.4150930914093413,33.459551171363024,1.0,0.9648312017788856,21.07067602787536,0.0732655423678149,False,False,False,True,1.0
PSO,20,692287,PSO_30p_50i,120.24880862236024,82.11684908653274,82.11684908653274,1500.0,-1.0,False,1.639547896446054,0.1720038852158668,267.9709974915959,9.061834752771247,3.4631129642371192,1.547860296474882,49.92136047958138,2.695068002490047,1.5744280216506068,0.0058436184563427,0.0080961302903689,0.17305205119537,0.0207802299420986,0.0007572794973917,10.00277561183864,13.965681877016026,26.954769295715757,1.2016286296114964,14.752684140211825,3.901149710493195,24.27205026082563,13.578677075101796,0.0762661988461147,0.3553555522204324,26.954769295715757,2.0,0.9792016883357032,18.585880486718647,0.0500202846503654,False,False,False,True,1.0
PSO,21,21122,PSO_30p_50i,120.63441371917725,78.8196467342368,78.8196467342368,1500.0,-1.0,False,0.4183106730778835,0.4295901115245607,260.6218033513221,8.878042956318515,1.5090831552666373,2.645539601007364,53.09426311499192,2.242648602854304,1.8162421960008364,0.0091579907390423,0.0063634997413337,0.2891074209650842,0.0213606131454623,0.0012765494293085,8.463322332477404,0.7517925682603119,14.4748842380288,20.456253233327907,42.41744875127301,6.803065727311752,27.65494293085172,17.288815683075843,0.0445211822403462,0.2249540260537177,42.41744875127301,1.0,0.9946935641404352,25.37676675599563,0.0263461062567796,False,False,False,True,1.0
PSO,22,135818,PSO_30p_50i,120.05244612693788,77.99848222117429,77.99848222117429,1500.0,-1.0,False,0.2712078939849776,0.3719538889594016,258.4709912756987,8.83167493860447,1.298420807784353,2.91222229850996,51.44889162789309,3.0320068842737817,1.7725796134577885,0.0086447192860369,0.0065096547154606,0.1633926826977479,0.0189342192902211,0.0009386714809979,23.75538303158292,3.1377260405580225,8.058991075462304,18.629316056741622,19.51099374495178,5.328903548894159,6.132851900201913,12.079166485484675,0.0974709659882289,0.5861754260955903,23.75538303158292,1.0,0.9965596209069928,19.670579971570444,0.021482357590618,False,False,False,True,1.0
PSO,23,81829,PSO_30p_50i,119.89090704917908,83.14947189413122,83.14947189413122,1500.0,-1.0,False,3.3360109826543543,2.4947631116903204,261.88693118543904,9.11863322511281,4.752473510839412,6.185998234389205,54.06149245708912,3.492841332830162,1.9961057864609597,0.0093648757559387,0.0086008877942966,0.1580142689457282,0.0154950631852395,0.0012564334869907,42.564952360414765,9.076818932292865,17.06094694923434,7.511097428707655,22.16045864742451,22.524684073802256,25.643348699074718,20.934615298707303,0.1800942834567685,1.05695575967923,42.564952360414765,0.0,0.9576813850433038,27.72208034051884,0.0803809596972777,False,False,False,True,1.0
PSO,24,476104,PSO_30p_50i,119.95108914375304,85.4295631712238,85.4295631712238,1500.0,-1.0,False,4.522603968607612,0.9028429349020924,268.18512578388385,9.242811432200908,4.660347477519238,2.6954797051120245,52.18264457011216,2.890120685295943,2.2584337572618907,0.010281127981604,0.0086151413008983,0.269978472870143,0.0173501156221287,0.0005663465344239,17.964109603916036,23.411680724693472,28.514099770050045,7.689266261229127,32.99432161090789,13.24942188935611,43.36534655760339,23.88403520253658,0.1345018175077037,0.6178677930602633,43.36534655760339,0.0,0.9426289850530264,21.327097151455515,0.0955446756699506,False,False,False,False,0.0
PSO,25,611382,PSO_30p_50i,120.8326027393341,77.94401037084181,77.94401037084181,1500.0,-1.0,False,0.1252807145811094,0.0994878178742692,259.22995249107856,8.828590508730247,1.5335720851239287,1.6603974155166965,52.1312784172934,2.9049936600333086,1.807740326063936,0.0042393387161753,0.0105981383410202,0.2167103247305948,0.020146812685039,0.0009893787419755,18.571169797277896,1.2163756249215232,47.00826604780751,32.47672926275339,6.753854547091049,0.7340634251953686,1.0621258024492115,15.40322635821371,0.0710685560382679,0.4557670581792528,47.00826604780751,3.0,0.9984107647278668,16.432823055557062,0.0144359976250266,False,False,False,True,1.0
PSO,26,806822,PSO_30p_50i,119.71955895423888,85.60370424434952,85.60370424434952,1500.0,-1.0,False,1.2426590875140262,0.4492845782797153,280.4546762256521,9.252226988371476,3.183015467181516,3.0638520353833183,55.05876919297418,1.8557117160468044,2.127706770254771,0.0079109772342541,0.0111324936482172,0.2354913931062657,0.0190446324135368,0.0006877630297995,24.25666465115085,16.268129522118628,1.1127845718230789,39.15617060271576,16.005612367618596,4.77683793231572,31.22369702004365,18.971413809683757,0.1327107954692656,0.6654880966525297,39.15617060271576,2.0,0.984236379400315,18.6174542044118,0.0478334911572807,False,False,False,True,1.0
PSO,27,46838,PSO_30p_50i,122.0829303264618,78.41324443602906,78.41324443602906,1500.0,-1.0,False,0.2853625272414253,0.1707750127213574,260.1416480080899,8.855125320176393,1.2552460297213937,1.7078961659781091,52.57517768401658,2.3700066014950703,1.9022615383772312,0.0046420545565068,0.0114540121864609,0.2790022917618899,0.0207539543927549,0.0011558488145948,3.2650366736706093,3.948717944110992,41.974318043663935,43.17515233076183,37.439552592064,3.7697719637746174,15.584881459487733,21.308204429647677,0.0337112842116221,0.1319879571019155,43.17515233076183,3.0,0.996380063801891,21.735543289829945,0.0219771318415919,False,False,False,True,1.0
PSO,28,484496,PSO_30p_50i,123.36926341056824,93.2351227037136,93.23512270371361,1500.0,-1.0,False,3.156952371286738,0.4515217642013489,299.5080315010874,9.655833609984878,4.614406294892422,2.635507568871832,53.5873515822293,2.7860104443456915,1.421674213057578,0.0071622795746447,0.0057598123613314,0.2826079824109587,0.021143222560303,0.0005111943037087,13.714712014109848,22.312884532372784,10.471505316941029,28.002345483357043,39.21575488224568,5.716112801515214,48.88056962912474,24.04484066566662,0.1183791642885271,0.5347687948637982,48.88056962912474,0.0,0.9599528141448704,22.113010441269555,0.0684961198189747,False,False,False,True,1.0
PSO,29,874335,PSO_30p_50i,122.47181916236876,82.99703451827318,82.99703451827318,1500.0,-1.0,False,0.7973913674759189,0.4906836797113149,273.1810043698053,9.110270825736915,2.6832357735392875,3.1551048592188664,51.92353132260064,3.137952418237665,1.9074142901292213,0.0059902173993415,0.0102522341635936,0.2456770511487988,0.0183865500252296,0.0005034396406101,28.07969054031284,4.230289078099518,25.12228250823034,28.152927044920297,21.02317790581223,8.067249873851944,49.656035938987856,23.47595041288786,0.1163451123734424,0.6936171814105099,49.656035938987856,1.0,0.989884776031775,18.83615945962691,0.0379350132822656,False,False,False,True,1.0
PSO,30,360416,PSO_30p_50i,122.67856907844543,81.26436121031013,81.26436121031013,1500.0,-1.0,False,0.7071163872392534,1.7542944601956694,265.60032530991015,9.014674770079624,3.480570196684461,6.112643117850798,52.52570076530816,1.5641616815699226,1.841436247110578,0.0092877980426709,0.006712988147049,0.2182797991831607,0.0229009118030387,0.0005808463156996,36.1566660583705,0.6249315360971586,16.097475533386483,16.087648161886534,7.526994671507757,14.50455901519364,41.91536843003633,18.98766334378263,0.1312070343009681,0.8860506149269848,41.91536843003633,1.0,0.9910299497583374,19.30569745388045,0.0335507602153212,False,False,False,True,1.0
PSO-SQP,1,743695,PSO_30p_50i,50.16536831855774,85.33957801660998,85.33957801660998,1500.0,-1.0,False,1.419556410953532,0.7623292079145981,278.4628566723305,9.237942304247737,2.8514328530844537,3.528313547243764,54.92329845606355,2.838346605559362,2.0241753926470407,0.0078001745421522,0.0095273082258467,0.1466997070520467,0.0178648932161173,0.0013997823523126,15.85088185956578,10.610677193827357,2.497818223096875,19.091352823083884,27.73413445711985,10.675533919413027,39.97823523126435,18.062661958195875,0.0918691877106064,0.4378287145136489,39.97823523126435,1.0,0.981992367088476,30.924491160530447,0.0506033995145192,False,False,False,True,1.0
PSO-SQP,2,205242,PSO_30p_50i,50.2666449546814,107.43935499200964,107.43935499200964,1500.0,-1.0,False,3.977662111797482,2.0916176728576463,341.38628014594445,10.36529570210178,6.752351014449562,6.886424190648917,59.01171218484865,1.434716375696056,1.6562285270968342,0.0060091448718741,0.0091748035801765,0.1575128005087803,0.0232859526551152,0.0005984554602684,41.44014793077323,9.49570890181234,24.8856891015736,14.685044752206457,22.40748743409835,16.429763275576363,40.15445397315015,24.21404219559864,0.1773422075144969,1.0310590430633466,41.44014793077323,0.0,0.9495417874184986,24.05890584414171,0.0758257616543201,False,False,False,False,0.0
PSO-SQP,3,861763,PSO_30p_50i,96.57957720756532,76.47231423634781,76.47231423634781,1500.0,50.0,True,0.0737008891433973,0.0281627733165808,254.61510653515376,8.744845009281057,0.8536493802165843,0.5697181539137031,51.44608015760855,2.5196968322070847,1.7903858792395273,0.009170503263536,0.0065890939625499,0.2036330524711416,0.0199348241197706,0.0009451809038823,2.844768661513655,2.164706052484851,14.63129079420011,17.636325468125214,0.3118485079515373,0.3258794011470022,5.481909611769583,6.199532642455993,0.0160922013880045,0.0801916187985014,17.636325468125214,4.0,0.9990650751553748,14.919276910994537,0.0111487603983695,True,False,False,True,2.0
PSO-SQP,4,7771,PSO_30p_50i,89.86031174659729,76.48798729179865,76.48798729179865,1500.0,-1.0,False,0.0946848820998172,0.0299839887471562,254.59436805108416,8.745741094486998,0.8447002200863714,0.5925966872757886,51.44977954176329,2.5537310907284976,1.7829197702711546,0.0099009356955779,0.0057967909346199,0.2164173684587743,0.0199161810240061,0.0009485398352095,4.233922070550914,2.5726901491172414,23.76169619472464,27.540113317250416,6.609541112696717,0.4190948799691688,5.146016479041983,10.040439171907297,0.0240668732596942,0.114739663377042,27.540113317250416,3.0,0.9987988849291456,15.163234984832814,0.0126677062655703,False,False,False,True,1.0
PSO-SQP,5,68532,PSO_30p_50i,96.2840256690979,76.46981639971709,76.46981639971709,1500.0,50.0,True,0.0734984367602819,0.0265518433110145,254.61014013767095,8.744702190453205,0.8552915091268964,0.5433015565613779,51.44661915527172,2.501521150176717,1.814999752499426,0.0078498338578915,0.0080236502145576,0.2049193005648945,0.0199703648459405,0.0009446443728601,2.102904088845591,0.8196856557690797,1.877076776355064,0.2956276819710088,0.9454682585687488,0.1481757702974893,5.535562713981001,1.6749287065411402,0.009814215054293,0.0536949448920418,5.535562713981001,6.0,0.999067643343697,14.876582572613357,0.0111296156816788,True,False,True,True,3.0
PSO-SQP,6,415483,PSO_30p_50i,50.12319350242615,82.24015977455541,82.24015977455541,1500.0,-1.0,False,0.1866906650205249,0.9863282079260498,271.86768335190624,9.06863604819134,2.0749526798593863,4.753994090439878,53.261125250799296,1.7016320566521386,1.949482958178545,0.0084172908613714,0.0081588645632399,0.212583955256766,0.0219946591348425,0.0012023714227488,30.54563034072904,6.529123397734701,5.216135767142656,1.9858070404997568,4.7211602250078695,9.9732956742128,20.23714227488396,11.315470674315828,0.1257440061093393,0.7579095111641212,30.54563034072904,2.0,0.9976317552879496,22.290873833329098,0.0175784695785701,False,False,False,True,1.0
PSO-SQP,7,724361,PSO_30p_50i,50.25367283821106,85.21109833038751,85.21109833038751,1500.0,-1.0,False,4.213610818926924,0.836857138305346,268.5968631410264,9.230985772407385,5.232314792730332,3.272074795654964,50.05007378077039,2.7771822200654763,1.4709828927657873,0.0045058766140226,0.0078538551387969,0.2643570391425609,0.0225257701142884,0.0006846681717065,13.354376329203108,19.61842116033949,43.67654232471699,1.8268107650377865,30.225142434759068,12.628850571442268,31.5331828293406,21.83761805926276,0.1077196766617159,0.4896170788192817,43.67654232471699,1.0,0.9465486850161208,20.36282276376025,0.078114148290993,False,False,False,False,0.0
PSO-SQP,8,668674,PSO_30p_50i,75.34150528907776,76.4754325865565,76.4754325865565,1500.0,50.0,True,0.0778219005321904,0.0286284394242526,254.61098822104057,8.745023303945878,0.8662788350043726,0.5955644263900179,51.453396699482255,2.536961523685716,1.819939025453873,0.0072870646113617,0.0085600714998337,0.2100759634836586,0.0199458452939777,0.000949895540935,3.549449946355745,0.5497800298430102,8.91169235797836,7.000893747921697,3.48569629736877,0.2707735301114497,5.010445906497324,4.111247402296621,0.0150679611098658,0.0878318078484297,8.91169235797836,4.0,0.9990127985006813,14.993928138868798,0.011457822659262,True,False,False,True,2.0
PSO-SQP,9,972125,PSO_30p_50i,49.92466163635254,85.22241280250428,85.22241280250428,1500.0,-1.0,False,0.1976692563882415,0.3217532298987474,282.8795564372222,9.231598604927768,1.2150067576999284,2.651223778148175,54.67913247076956,3.1349935241290026,1.7796156994693595,0.0078117198594705,0.0066858689372033,0.1717061909442836,0.0192726231394658,0.0014578687311334,27.958919352204177,2.7532404661552228,2.3535017566178422,16.426638284957555,15.415669485574558,3.6368843026706767,45.78687311334036,16.333103823074342,0.1099084700729075,0.687558368020186,45.78687311334036,3.0,0.9974924875267605,27.51181759153246,0.0182758814092941,False,False,False,True,1.0
PSO-SQP,10,150704,PSO_30p_50i,114.39207339286804,76.48316203631137,76.48316203631137,1500.0,-1.0,False,0.0821069291584304,0.0308197573969918,254.6188174281815,8.745465226979716,0.8693655648620613,0.63137195116302,51.45704253461736,2.562764873325632,1.8528475794629464,0.0051881990353552,0.0108024302635472,0.2151417928122821,0.0199198747032484,0.0009530229264911,4.602647890842109,1.2485016099970565,35.147512058059895,35.0303782943404,5.981178725262126,0.400626483757719,4.697707350887609,12.444078916163845,0.021927939885616,0.1157632072081333,35.147512058059895,4.0,0.9989584412226462,15.106833156651554,0.0117742617272083,False,False,False,True,1.0
PSO-SQP,11,39797,PSO_30p_50i,50.023836612701416,93.05680877868096,93.05680877868096,1500.0,-1.0,False,1.4333634740885572,0.5008962281707706,304.5766573016901,9.64659570929978,3.769295087095358,4.199644874887806,53.41213495576227,3.497001533374039,1.4655526425543923,0.0047152285113756,0.007230638540385,0.1857810838037018,0.0193035770779643,0.0014959841816992,42.73475646424649,19.91515614456872,41.05964360780492,9.617018245186877,8.482224727240464,3.482114610178274,49.59841816992261,24.9841902813069,0.2048449067239884,1.1087572732377604,49.59841816992261,1.0,0.9818172190474378,28.24654190294557,0.0469458326251884,False,False,False,True,1.0
PSO-SQP,12,645399,PSO_30p_50i,95.230721950531,76.47892793964442,76.47892793964442,1500.0,50.0,True,0.0734899930922023,0.0254831979777445,254.6423211585445,8.74522314979123,0.7719712880403655,0.542302527495222,51.41440503881881,2.434117513950409,1.8602327664987537,0.0064597984850363,0.0097530461256915,0.1988606442258335,0.0199591535597064,0.0009262041347874,0.6482647367179897,1.6520637431012903,19.252518937046183,21.91307657114388,2.0390915143677435,0.2042322014679173,7.3795865212558045,7.5841191750144,0.0076660711812388,0.034479853613315,21.91307657114388,4.0,0.9990677504549568,14.752868869308164,0.0111404197061322,True,False,False,True,2.0
PSO-SQP,13,423616,PSO_30p_50i,49.75584554672241,85.05061191376127,85.05061191376127,1500.0,-1.0,False,0.4063281423192249,0.2093238475846769,281.79873949216574,9.222288865230867,1.8432896000607288,1.405003160576424,53.85173387633017,2.303239691967397,1.8405905440296573,0.0057282351949628,0.0097045671441592,0.1760715312703664,0.0211774598363666,0.0014007867375096,5.990216654391959,0.5787182529867444,28.39706006296441,21.307089301990683,13.265255531839204,5.8872991818333285,40.078673750961045,16.500616105281054,0.0271191284735666,0.1496178584626349,40.078673750961045,1.0,0.994845567268728,25.560067177852005,0.0256066717796617,False,False,False,True,1.0
PSO-SQP,14,848770,PSO_30p_50i,88.66000747680664,76.47109571979503,76.47109571979503,1500.0,-1.0,False,0.0727233975863221,0.0269274508389208,254.6163619892975,8.744775338440379,0.8799395674401005,0.5465862248402384,51.450451531163935,2.501039310366455,1.7512956680704277,0.0113267952676708,0.0043249936903652,0.1988382143105143,0.0199660788406209,0.0009454616916872,2.0832371578144917,4.300783165550403,41.58494084588501,45.93757887043413,2.050140733736808,0.1696057968953931,5.453830831279827,14.511445343085152,0.0201422412900729,0.0940280856472672,45.93757887043413,4.0,0.9990774750212754,14.910408422003767,0.0110647494999649,False,False,False,True,1.0
PSO-SQP,15,122706,PSO_30p_50i,110.9145278930664,76.47880201971888,76.47880201971888,1500.0,-1.0,False,0.0787021795221751,0.0301058351864833,254.6168230753449,8.745215950433636,0.8526178915656715,0.6025054891836614,51.44847885133504,2.550356393498174,1.8749354188278435,0.004144862818197,0.0119999999998046,0.2136919895677363,0.0199158673165953,0.0009489198395746,4.0961793264560695,2.4554873676417075,48.189214772536594,49.999999997558376,5.266989934845461,0.4206634170232301,5.108016042530066,16.505221551227358,0.0234248788455986,0.1106154961670864,49.999999997558376,3.0,0.9990016318145328,15.019067763478889,0.0115282889445374,False,False,False,True,1.0
PSO-SQP,16,103896,PSO_30p_50i,50.430980920791626,93.36874534281937,93.36874534281937,1500.0,-1.0,False,0.8762701262555843,0.5745262534841561,307.3507069660723,9.662750402593424,2.9398550431984667,3.779072328299452,58.27686115779807,1.4534256901942224,1.9469741999111256,0.0087794983889279,0.0102006506549829,0.1381967786724266,0.0184211457715154,0.0014060749428229,40.67650244105215,6.392032782028731,9.743729861599318,27.508133187286504,31.92276912688345,7.894271142422654,40.60749428229098,23.53499040336625,0.1690452584656707,1.0055102605457182,40.67650244105215,0.0,0.988884167868788,32.30598338484051,0.0387508398813443,False,False,False,True,1.0
PSO-SQP,17,645869,PSO_30p_50i,146.7736792564392,76.52686490418023,76.52686490418023,1500.0,-1.0,False,0.1022687044995177,0.0330842488707028,254.6935135841512,8.747963471813325,1.2186452033803583,0.7157477652643696,51.50125513544276,2.539481655031658,1.713505038057333,0.0113598213277344,0.004,0.1903576044820494,0.0200380198874517,0.0009709798277655,3.652312450271753,6.365844914899857,41.99776659668027,50.0,6.227781043325391,0.1900994372587908,2.902017223440181,15.905117380839464,0.0322922676970994,0.1475302124878053,50.0,3.0,0.99870268115113,15.561343899708431,0.0130399351507838,False,False,False,True,1.0
PSO-SQP,18,432537,PSO_30p_50i,75.5718879699707,76.4704428777873,76.4704428777873,1500.0,-1.0,False,0.0731415759154019,0.0267802431221266,254.6130372677028,8.744738010814693,0.7955351784020372,0.5644509004524263,51.43100773707033,2.4932068937618825,1.8864476337483365,0.0042877216668764,0.012,0.207142045924468,0.0199378251858239,0.0009375510116256,1.7635466841584635,3.084570150182316,46.40347916404383,50.0,2.0404167115606118,0.3108740708803771,6.244898837436033,15.692540802608802,0.0159476393671943,0.0714150988571993,50.0,4.0,0.9990721702642515,14.81623142201262,0.0111137256450559,False,False,False,True,1.0
PSO-SQP,19,236035,PSO_30p_50i,48.79758429527283,84.64084640569038,84.64084640569038,1500.0,-1.0,False,4.166508243709917,0.936637201143984,266.6867318713616,9.20004600019426,4.640811409750192,2.5694228787570808,52.01671241874215,2.665551026382356,2.2823183249972887,0.0081388685464489,0.0115717194622085,0.2504290633915398,0.0171767327749368,0.0008482113572469,8.798001076830834,24.716848360507573,1.7358568306116446,44.64649327760649,23.36407063622653,14.116336125315645,15.178864275302823,18.936638654628787,0.1031405798068082,0.503313419748614,44.64649327760649,1.0,0.9471461997588606,19.647587366717968,0.0913817154374241,False,False,False,False,0.0
PSO-SQP,20,690781,PSO_30p_50i,83.52455282211304,76.46958790639817,76.46958790639817,1500.0,50.0,True,0.0753899080410064,0.0259275661764914,254.6041140508964,8.744689125772178,0.8677211773114557,0.548964926575886,51.450984976491554,2.495709344094382,1.8462887258600895,0.0060007713878659,0.0100173810556091,0.2091664719797293,0.020009619806996,0.0009469468367584,1.8656875140564029,0.8900943092945174,24.990357651675023,25.217263195114043,3.037670925975013,0.0480990349804519,5.305316324155347,8.764926993607258,0.0103205463674545,0.0489975688468975,25.217263195114043,4.0,0.9990436492845508,14.876339592296745,0.0112685223947906,True,False,False,True,2.0
PSO-SQP,21,363477,PSO_30p_50i,49.064101219177246,87.06529489316026,87.06529489316026,1500.0,-1.0,False,0.6944777253275166,0.327478347792261,287.3569266464553,9.330878570271947,2.8729612072537662,3.271646522214009,51.18373978698878,3.2649143746416702,1.554043388080169,0.0046842388234386,0.0086606524706754,0.2533889585377247,0.0192893007344636,0.0010350439367015,33.261811209864085,15.079596279772192,41.44701470701691,8.258155883442532,24.82214706291856,3.5534963276818465,3.5043936701563325,18.56094502012178,0.1637117288498143,0.8618517702353483,41.44701470701691,2.0,0.9911902761690692,20.076673487250147,0.033371335853883,False,False,False,True,1.0
PSO-SQP,22,189201,PSO_30p_50i,86.09540629386902,76.47447748481164,76.47447748481164,1500.0,50.0,True,0.0829934414253624,0.0269105756860795,254.59342918514412,8.744968695473508,0.8714032157567715,0.5886493628253948,51.448937498712894,2.5105992377038584,1.7876301542916206,0.0092565808046399,0.0064579743511575,0.2119893398966063,0.020034244699849,0.0009497408174222,2.473438273626866,2.3152921152119905,15.707260057999466,19.2753206105303,4.428246254485849,0.1712234992452994,5.025918257773059,7.056671295553261,0.0164059333778218,0.074513355880154,19.2753206105303,4.0,0.9989471954649212,14.993165354037174,0.0118265535411428,True,False,False,True,2.0
PSO-SQP,23,269826,PSO_30p_50i,49.34573554992676,87.54626090379283,87.54626090379283,1500.0,-1.0,False,7.084401058179261,1.1449971800709258,266.29787085192703,9.35661588950796,6.047737646055893,2.974919406903851,52.451973556678126,2.443409606089928,1.4704110026641075,0.0061778463796192,0.0062630676637745,0.1325357159797146,0.0232632763361548,0.0009935466719185,0.2689956697988657,19.6496719855679,22.77692025475903,21.711654202818305,34.71146996073172,16.316381680774196,0.6453328081440936,16.582918080370586,0.0633532129838704,0.3665104116000831,34.71146996073172,2.0,0.910131578661244,30.00305941245725,0.0987222681063418,False,False,False,False,0.0
PSO-SQP,24,222506,PSO_30p_50i,48.98986339569092,79.19274348811781,79.19274348811781,1500.0,50.0,True,0.1248715612680727,0.2123659460106141,263.2056298461481,8.899030480233103,1.016499778446235,1.8747405840524216,50.51765352267012,2.6627163810075665,1.7900837552266675,0.0073819836532982,0.0088050893021154,0.185772782896453,0.0188739194601236,0.0007747100449895,8.68230126561495,2.1812155613842923,7.725204333772001,10.06361627644294,8.48631384411182,5.630402699381542,22.528995501045227,9.32829278310754,0.0389477598611642,0.2171190716653623,22.528995501045227,1.0,0.9984159549990028,15.974329817071231,0.0145945729834656,True,False,False,True,2.0
PSO-SQP,25,426090,PSO_30p_50i,82.56509733200073,76.4709672079101,76.4709672079101,1500.0,50.0,True,0.0732408151231848,0.0266039282966261,254.61474809546203,8.744767990513534,0.772896401012158,0.5666140815640226,51.42647939205426,2.484974171119432,1.8181700462926045,0.0082369860259213,0.0077047284194564,0.2025891708844825,0.0199323936160615,0.0009349693401167,1.4275171885482456,0.6464455577811797,2.962325324016462,3.690894756794109,0.2023788746391282,0.3380319196920507,6.503065988322791,2.252951372827709,0.0068399783703759,0.036925077901952,6.503065988322791,6.0,0.9990709113757632,14.7866896512016,0.011124519427667,True,False,True,True,3.0
PSO-SQP,26,776308,PSO_30p_50i,77.4856526851654,76.4690680136373,76.4690680136373,1500.0,50.0,True,0.0731804858658825,0.0259485374275647,254.60971086352544,8.744659399521362,0.837312937160398,0.5362571220955399,51.44173240559667,2.4902104209656617,1.786586633764415,0.0096177186309473,0.006161683871848,0.2028554750079153,0.0199789395427116,0.0009421603759057,1.641241672067817,2.372315094840717,20.22148288684153,22.978951601899205,0.0711945773816115,0.1053022864419377,5.783962409426787,7.596350075557088,0.0124718924334018,0.0592251586602771,22.978951601899205,4.0,0.9990716766761848,14.835981180247863,0.0111071982318333,True,False,False,True,2.0
PSO-SQP,27,721946,PSO_30p_50i,95.97349309921265,76.48046071034939,76.48046071034939,1500.0,50.0,True,0.090673343737125,0.0280138759539771,254.58593476211763,8.745310784091632,0.8560039605258432,0.5797108984972059,51.45261354262925,2.495101995922226,1.7780543997916454,0.0099823876021477,0.0057041503425777,0.2156262018822531,0.0200870840833646,0.000950842875188,1.8408977927439123,2.8385573884346837,24.779845026846967,28.69812071777779,6.219803882883291,0.4354204168234218,4.915712481195805,9.961193958100838,0.0162983252115114,0.0700083364854589,28.69812071777779,4.0,0.9988497728753296,15.11258455151789,0.0123626022053839,True,False,False,True,2.0
PSO-SQP,28,62627,PSO_30p_50i,49.03228712081909,84.05620332000122,84.05620332000122,1500.0,-1.0,False,1.4118948791187975,0.175650025800369,275.1882780932741,9.168217019682793,3.348244991960975,1.6863503791064556,53.51172735149544,2.742079277356241,1.577160485548481,0.0043128100098427,0.0097293661316468,0.2175469264052829,0.0205793519787168,0.0011878040854131,11.921603157397602,13.81636690991907,46.08987487696625,21.617076645585744,7.165973598661529,2.896759893584334,18.78040854131984,17.46972337477634,0.0808070614855681,0.3866092269892109,46.08987487696625,1.0,0.9820895566413216,19.91651451378564,0.0466454379263492,False,False,False,True,1.0
PSO-SQP,29,650082,PSO_30p_50i,92.78449940681458,76.47847301295742,76.47847301295742,1500.0,50.0,True,0.0785152942407437,0.0274056855782271,254.62084958642524,8.745197139742329,0.8665197794685291,0.5246758742286897,51.43701731523379,2.434885967475132,1.8356461035808975,0.0070751643843158,0.0089283894000211,0.2110722744635171,0.0201327903350282,0.0009410940178684,0.6168992867293144,0.3085302503222774,11.560445196051518,11.604867500264112,3.976489883505976,0.6639516751413659,5.890598213151874,4.94596885788092,0.0044110474145925,0.0180890135387551,11.604867500264112,4.0,0.9990040025280308,14.822452849203456,0.0114963311996009,True,False,False,True,2.0
PSO-SQP,30,391017,PSO_30p_50i,74.17559695243835,76.47177169404924,76.47177169404924,1500.0,50.0,True,0.0723587508525212,0.0247577878475651,254.6234468309098,8.744813988533389,0.8524277010627799,0.5207424075842171,51.427582802586585,2.4429865257156496,1.8106229720987588,0.0085205807047461,0.0073949538453505,0.2019870592314564,0.0200540161317778,0.0009364407252656,0.2862642565041068,1.0588539836743878,6.507258809326311,7.563076933117865,0.4989856002677869,0.2700806588891782,6.355927473437861,3.220063959316785,0.0040923778885776,0.0206477147274611,7.563076933117865,4.0,0.9990821007089016,14.72767403167188,0.0110360581877854,True,False,False,True,2.0
BFO,1,920078,BFO_20b_15q_3r,280.9420545101166,84.49632253045058,84.49632253045058,900.0,-1.0,False,2.4945933199667705,0.8289358694822313,271.957537585809,9.19218812527521,2.61158189680934,4.242715952146474,55.250761547192496,2.713361527915917,1.7380707864243412,0.012,0.004,0.1015,0.0180986881671283,0.0015,10.749450119017018,5.0234542937518505,50.0,50.0,50.0,9.506559164358332,50.0,32.18278051101817,0.0667417219034925,0.2968979448927378,50.0,0.0,0.9683550999291904,43.521783838610254,0.0646375400926724,False,False,False,True,1.0
BFO,2,396543,BFO_20b_15q_3r,320.7311096191406,90.54129363356476,90.54129363356475,900.0,-1.0,False,0.8938907371185875,0.3423517419292835,298.2540900849384,9.515318892899217,2.486597444831734,2.5989476688421007,56.751949337003225,3.034074151345315,1.8179585621383565,0.012,0.004,0.2948079509151801,0.0184864770560466,0.0015,23.8397612794006,0.658002068942272,50.0,50.0,45.22559158383254,7.567614719766867,50.0,32.47013852170604,0.0997052947237273,0.5913973715687882,50.0,1.0,0.9886606434708496,29.534459770181915,0.0400925168059475,False,False,False,True,1.0
BFO,3,676504,BFO_20b_15q_3r,299.5992112159729,101.41295722030036,101.41295722030037,900.0,-1.0,False,0.6122472617721446,1.759834885178343,333.06930838646355,10.070400052644402,3.1102997656606632,6.0999502117258935,67.17453743440296,1.6921681945252112,1.9842752379684605,0.004,0.012,0.2130327710071669,0.0233289702400573,0.0005,30.93191042754241,8.430340872593453,50.0,50.0,4.942251727668425,16.64485120028692,50.0,30.135622032584457,0.133424112098639,0.7734687343237249,50.0,1.0,0.992233402028967,18.470170937915626,0.0313048640706743,False,False,False,True,1.0
BFO,4,999533,BFO_20b_15q_3r,343.48321557044983,154.17325589323852,154.17325589323852,900.0,-1.0,False,66.91442559429741,10.869468731386728,272.7469864441592,12.41665236258302,17.053405561685814,7.188263400987893,52.37764591112068,2.2312602650952136,0.9814834006494112,0.004,0.004,0.1015,0.03,0.0015,8.92815244509333,46.36702728691742,50.0,50.0,50.0,49.99999999999999,50.0,43.61359710457297,0.1696080477507679,0.8821915840676016,50.0,0.0,0.1511641219117157,60.04502185336012,0.2515381002403427,False,False,False,False,0.0
BFO,5,549966,BFO_20b_15q_3r,274.19840383529663,85.15432993568278,85.15432993568278,900.0,-1.0,False,0.4659068460065715,0.1760974532211978,282.0012478768854,9.227910377527666,1.6465195471677596,1.594826082518304,53.36492661554362,2.632110617760258,1.8860498826938463,0.012,0.004,0.1629284788258752,0.0196675021412116,0.0005,7.433086439194196,3.062835119882321,50.0,50.0,19.739665603017112,1.662489293941579,50.0,25.98543949371932,0.0410092170695739,0.1947920784196603,50.0,2.0,0.9940897879160598,19.038328415904008,0.0285448980254396,False,False,False,True,1.0
BFO,6,174014,BFO_20b_15q_3r,246.86203503608704,94.26002427534704,94.26002427534704,900.0,-1.0,False,0.4705058357995264,0.1674166633060246,312.35270035964834,9.708760182193556,1.446188923177363,1.6596036486434187,58.69117537265242,2.6218232618553445,1.7567019167577225,0.0111639851781569,0.004,0.3045,0.0208250592735216,0.0005,7.013194361442626,4.0053597400151695,39.54981472696181,50.0,49.99999999999999,4.125296367608108,50.0,29.2419521708611,0.0507300556499,0.2126617827598896,50.0,2.0,0.9940314479168064,20.68221698910137,0.0281064260084327,False,False,False,True,1.0
BFO,7,474122,BFO_20b_15q_3r,301.6659719944,95.13917413597798,95.13917413597798,900.0,-1.0,False,2.504687013479223,0.279575701517369,308.3156642391336,9.753931214437488,2.6196045899150784,2.912739267509823,55.57028225879458,2.1625136840506656,1.8070722611622705,0.012,0.004,0.1015,0.0200914339779096,0.0015,11.7341353448708,1.25288190370107,50.0,50.0,50.0,0.4571698895481507,50.0,30.492026734017145,0.0600722126807105,0.3057917124882623,50.0,2.0,0.9682270574462774,43.78454663200304,0.0637658413373962,False,False,False,True,1.0
BFO,8,923074,BFO_20b_15q_3r,238.1216549873352,101.8622981413781,101.8622981413781,900.0,-1.0,False,3.267202312905361,1.579640734845968,326.0175848701659,10.092685378103198,2.9176542106192267,5.500106191772391,56.27169809425618,3.054829077011153,1.7080720087932102,0.004,0.012,0.1015,0.0170985255267887,0.0005,24.68690110249604,6.662731759933872,50.0,50.0,50.0,14.50737236605628,50.0,35.122429318355174,0.1199512203844506,0.6253219698619304,50.0,0.0,0.9585542501555384,39.00841616859427,0.072171924398522,False,False,False,True,1.0
BFO,9,982582,BFO_20b_15q_3r,251.28968858718872,86.42274799209535,86.42274799209535,900.0,-1.0,False,0.7275109108909039,2.1523799024333474,282.0634904332926,9.29638359751228,2.967790422949996,6.291531988924614,50.98711217894856,1.6927870568965435,1.976898937595314,0.004,0.012,0.2581147241455369,0.0237141027739709,0.0005,30.9066507389166,8.02726434947071,50.0,50.0,27.150110416520626,18.570513869854647,50.0,33.52207705353751,0.1387772439454683,0.7733268496871714,50.0,0.0,0.9907712371827112,21.800906742650564,0.0341442851192264,False,False,False,True,1.0
BFO,10,266503,BFO_20b_15q_3r,246.9954421520233,91.72159105889487,91.72159105889489,900.0,-1.0,False,5.753385535353917,2.0222705088184,283.1902342304393,9.577138980869751,6.268960264564768,4.628397489294874,54.55084501051215,1.8290144558651784,2.3623980627275545,0.012,0.0102476192087198,0.160411530728199,0.0158558439974172,0.0005,25.346348740196795,29.09279031298112,50.0,28.095240108997515,20.97954151320243,20.72078001291357,50.0,32.03352866975592,0.1724091216207827,0.8190988931481166,50.0,0.0,0.9270160354884855,23.73827064170016,0.1084218094310257,False,False,False,False,0.0
BFO,11,422717,BFO_20b_15q_3r,259.9596967697144,88.27730048349605,88.27730048349605,900.0,-1.0,False,3.139653654941885,0.7060504623921475,282.615405324527,9.395600059788414,4.586115207298089,4.977710691048227,56.21965095275482,1.4603560719657387,1.763110165283746,0.012,0.004,0.1015,0.0219815541286692,0.0005,40.393629715684135,3.6551822249319175,50.0,50.0,50.0,9.907770643346486,50.0,36.279511797708935,0.1669307595541692,0.9970996845051228,50.0,1.0,0.9601722551838984,32.841394013717995,0.06951645519343,False,False,False,True,1.0
BFO,12,967237,BFO_20b_15q_3r,334.57126784324646,100.91142830117847,100.91142830117847,900.0,-1.0,False,0.4548414991588292,1.7521330445627008,331.93506759912765,10.045468047889978,2.0320697758264927,5.359786373478716,59.32226636929181,1.8997740655695727,2.0624495935248666,0.004,0.012,0.2957586278069097,0.0231718530997979,0.0015,22.45820140532355,12.702163580593798,50.0,50.0,45.69390532360086,15.859265498989611,50.0,35.24479082978683,0.1267294298374287,0.6045062994993681,50.0,0.0,0.9942301562047277,33.52687599665525,0.0274881909825647,False,False,False,True,1.0
BFO,13,47552,BFO_20b_15q_3r,248.49930214881897,82.51478041330374,82.51478041330374,900.0,-1.0,False,2.1740527950009243,0.2397343543129682,267.4028681371544,9.083764660827786,2.3338184948265344,2.5018630336732435,50.46681525950936,2.412497545444513,1.8264108118436724,0.004,0.012,0.1175112578890745,0.0199256981125865,0.0005,1.530712430836202,0.1961305003457756,50.0,50.0,42.11268084282044,0.3715094370674611,50.0,27.744433315867127,0.0193078123871648,0.0935943209697398,50.0,3.0,0.972421282901782,31.098368784599725,0.0583747617802208,False,False,False,True,1.0
BFO,14,59938,BFO_20b_15q_3r,323.0528528690338,79.04878366145083,79.04878366145083,900.0,-1.0,False,0.5061859053984639,0.2976405782207922,261.31259155647325,8.890938289148723,1.936373220747424,2.1671873394661283,51.29114028832399,2.8446753972620344,1.854618581028668,0.012,0.004,0.1768590709210528,0.0190528079688607,0.0005,16.109199888246295,1.3452776518397622,50.0,50.0,12.877304964998627,4.735960155696339,50.0,26.438248951540142,0.0649831570572554,0.396347371735532,50.0,2.0,0.9935788321625908,17.867716937226874,0.0299306124884044,False,False,False,True,1.0
BFO,15,108134,BFO_20b_15q_3r,297.3249440193176,99.41795336576752,99.41795336576753,900.0,-1.0,False,0.7487939349332523,0.4235290256896316,328.1913163932982,9.970855197312192,1.7269247828388057,2.5829274794758668,62.65728176865082,2.443530022625949,1.549980040549026,0.012,0.004,0.1388847740470362,0.0182374593927137,0.0015,0.2640807091449421,15.301637128468526,50.0,50.0,31.583855149243217,8.812703036431435,50.0,29.42318228904116,0.0515525290550393,0.2874006907551508,50.0,1.0,0.990501253629226,31.928531594439832,0.0348652040298747,False,False,False,True,1.0
BFO,16,765097,BFO_20b_15q_3r,282.1482462882996,82.82770378558249,82.82770378558249,900.0,-1.0,False,0.3236425462140394,0.3960372394584573,274.3534753987974,9.100972683487326,2.308156750801473,3.672584238310805,54.26246149036968,3.5559954599232024,1.7868121242029942,0.0073449340005964,0.006353811744239,0.2493019450004323,0.0191766588085801,0.0010954975392617,45.14267183360009,2.3599932129511414,8.18832499254389,20.577353197011988,22.808839901690817,4.116705957099166,9.549753926172851,16.10623471729571,0.1712436248152123,1.1078081269584326,45.14267183360009,2.0,0.9958944666645134,20.456170145485693,0.02371431745306,False,False,False,True,1.0
BFO,17,950311,BFO_20b_15q_3r,335.38394045829773,88.13011705161472,88.13011705161472,900.0,-1.0,False,9.05777673408736,2.649116634156381,259.1592733348306,9.387764220069371,6.843102760205117,4.270943667996463,50.4054520951438,2.458134361714932,2.5695921290721992,0.012,0.0107550677148871,0.1835750599688387,0.0153004533163958,0.0005,0.3320147638747702,40.41487044110378,50.0,34.4383464360896,9.568935975941512,23.49773341802065,50.0,29.750271576432905,0.1113008636023976,0.7399229281880763,50.0,1.0,0.8850985299609011,21.083653788872866,0.1404131604701832,False,False,False,False,0.0
BFO,18,585374,BFO_20b_15q_3r,287.7238779067993,105.8620377703764,105.86203777037639,900.0,-1.0,False,17.847362078768082,12.83285141166693,271.9941666192495,10.288927921332542,11.960903961450937,14.452120026895436,51.132907127302815,1.225,1.4637734753641003,0.0083589745673499,0.004,0.1910802321881856,0.03,0.0005,50.0,20.01237839540436,4.487182091874892,50.0,5.871806803849467,49.99999999999999,50.0,32.9101953273041,0.2311436095735806,1.278673268303642,50.0,1.0,0.7735991734645972,28.48782681878648,0.1480647794682398,False,False,False,False,0.0
BFO,19,800377,BFO_20b_15q_3r,318.7620704174042,94.74166274411938,94.74166274411938,900.0,-1.0,False,1.06155165910996,0.4210787621459683,311.56523901312147,9.733532901476185,1.9020406242760917,2.579807445362293,52.4886198026029,2.354378114735234,1.5768596403605477,0.012,0.004,0.1246648253447676,0.0185280455125534,0.0005,3.902934092439442,13.83280653767499,50.0,50.0,38.58875598779922,7.359772437232642,50.0,30.526324150735185,0.0624384820066996,0.2817701241406872,50.0,1.0,0.9865337985539928,26.811867788634288,0.041483786313816,False,False,False,True,1.0
BFO,20,297671,BFO_20b_15q_3r,276.175297498703,88.0097652690415,88.0097652690415,900.0,-1.0,False,2.923558967037265,2.2564416745893388,279.8599515490319,9.381351995796848,2.863815701812456,6.279604355383388,50.51357742658968,3.332923345433761,1.6893050743714095,0.012,0.004,0.1015,0.0163162826609479,0.0005,36.03768756872494,7.688247302108772,50.0,50.0,50.0,18.418586695260267,50.0,37.44921736658485,0.1624717126287719,0.8998315207765358,50.0,0.0,0.9629135015224662,36.515235236871234,0.0714044457204435,False,False,False,True,1.0
BFO,21,835751,BFO_20b_15q_3r,325.6086962223053,107.41642579232688,107.41642579232689,900.0,-1.0,False,0.3343909556905239,0.2288851311810132,356.5586409034862,10.36418958685757,2.0974385906937805,2.3151959617750384,64.57358594242896,3.124196614876263,1.6808575068427805,0.0082307449856885,0.0053811264063466,0.2471569997067496,0.0201184416653836,0.0005783624854385,27.518229178622978,8.149863014055716,2.8843123211066533,32.73591992066699,21.75221660431015,0.5922083269180485,42.16375145614193,19.39950011740321,0.1244122579285027,0.69191148490803,42.16375145614193,2.0,0.9957581188513924,18.530109247823216,0.0235367125621855,False,False,False,True,1.0
BFO,22,431015,BFO_20b_15q_3r,301.12729477882385,79.36846803421352,79.36846803421352,900.0,-1.0,False,0.137233060277822,0.1174304461345774,263.90839916956133,8.90889825030085,1.06472553764128,1.3936606948143888,53.8794827834663,2.668537572242161,1.7762406330818403,0.004,0.012,0.2372868948974136,0.0191564813988584,0.0015,8.919900907843296,2.937670323396695,50.0,50.0,16.89009600857814,4.217593005707912,50.0,26.137894320789435,0.0451324789512679,0.2277219635833919,50.0,2.0,0.9982591445089892,25.138914713203334,0.0151945704458863,False,False,False,True,1.0
BFO,23,121930,BFO_20b_15q_3r,271.4100215435028,108.07304967151411,108.07304967151411,900.0,-1.0,False,11.390783540799946,4.672466348246047,314.4867765219705,10.395818855266482,7.650649892909197,6.432348763296893,57.337336982064016,2.9158839262365595,2.4508224220892028,0.012,0.012,0.2094803877584018,0.0135012201885429,0.0005,19.01567045863507,33.92472251853567,50.0,50.0,3.1923092405920284,32.493899057285134,50.0,34.089514467863985,0.1583122165565172,0.7762633522580034,50.0,1.0,0.855503418536518,23.227889460585047,0.1604862046474125,False,False,False,False,0.0
BFO,24,359853,BFO_20b_15q_3r,334.4752719402313,95.02650405439697,95.02650405439697,900.0,-1.0,False,0.8256530509051035,0.4955845042954262,313.1768625044805,9.74815387929412,1.6808413263325943,2.984996435962387,58.50963698528108,2.7194170811388787,1.7592800159357085,0.012,0.004,0.1345158072192981,0.0182934267390928,0.0015,10.99661555668892,3.864480003513213,50.0,50.0,33.73605555699602,8.532866304535712,50.0,29.590002488819124,0.0598325473206827,0.2869009006757663,50.0,1.0,0.989526265431754,33.84028700326869,0.0376778479152331,False,False,False,True,1.0
BFO,25,82252,BFO_20b_15q_3r,296.8452117443085,103.8953933536606,103.8953933536606,900.0,-1.0,False,1.3214099829780677,0.3168001939118235,341.3852775790887,10.192908974069208,3.1234792960031506,2.3537046778379818,58.54022162998149,3.19862589557174,2.107853813496656,0.004,0.012,0.2552244685815374,0.018953542235917,0.0015,30.55615900292814,15.183268497085036,50.0,50.0,25.72633920272781,5.232288820414769,50.0,32.385436503307965,0.1554643764877165,0.8002525934901428,50.0,0.0,0.9832373932339128,28.881421959049792,0.0493917768360169,False,False,False,True,1.0
BFO,26,523476,BFO_20b_15q_3r,288.5424482822418,86.11187831926729,86.11187831926729,900.0,-1.0,False,0.5855887760401154,0.1948037329453705,284.76295892251494,9.279648609687076,1.5336960504213122,1.712087882531517,54.09202855796343,2.3032694694484794,1.6079698428641191,0.012,0.004,0.1417720559868649,0.0187620095513608,0.0015,5.989001247000847,12.13279547190606,50.0,50.0,30.1615487749434,6.18995224319574,50.0,29.21047110529229,0.0628180888784537,0.2731480972332432,50.0,0.0,0.9925715754339371,30.83889637635257,0.0309092939578665,False,False,False,True,1.0
BFO,27,657732,BFO_20b_15q_3r,257.4532296657562,101.47864723148707,101.47864723148707,900.0,-1.0,False,0.4410682378177182,2.560204107101853,332.52492313372807,10.07366106395719,2.5241074245531365,7.100177479954915,62.04170325296104,1.566374475031974,1.9754258729716128,0.012,0.004,0.2402847954009366,0.0239581944309778,0.0005,36.06634795787862,7.946769014842248,50.0,50.0,18.36689428617568,19.790972154889317,50.0,33.16728334482655,0.1541134839673648,0.8963151377589351,50.0,0.0,0.9944048754566792,22.143367814825798,0.0268711832856101,False,False,False,True,1.0
BFO,28,741287,BFO_20b_15q_3r,300.16916060447693,87.58503113684239,87.58503113684239,900.0,-1.0,False,0.5183897871127416,0.418723024485355,289.52426612495657,9.358687468702136,1.5141932432825886,2.6056232965898314,50.80096333199435,2.628134292678992,1.7096489804705994,0.012,0.004,0.1418109098152525,0.0186060680469552,0.0005,7.270787456285375,6.576558444229542,50.0,50.0,30.14240895800369,6.96965976522355,50.0,28.708487803391737,0.0527954763351692,0.2235944810006225,50.0,0.0,0.9934240211101304,23.15554491729573,0.0296772136498259,False,False,False,True,1.0
BFO,29,370637,BFO_20b_15q_3r,282.1506712436676,119.77360236088326,119.77360236088326,900.0,-1.0,False,0.6226615210059441,0.1819134992680496,396.8666136341443,10.944112680381323,2.202382324603068,1.5763232586599911,71.19123396593295,2.522672137778996,2.0086684871606724,0.012,0.004,0.1787914132707246,0.0204385169729281,0.0005,2.9662097052651277,9.763305309326356,50.0,50.0,11.925412181909032,2.1925848646409465,50.0,25.26393029444878,0.0406411040916959,0.1944792170958559,50.0,2.0,0.9921012930434552,17.6595319734575,0.0332633578845241,False,False,False,True,1.0
BFO,30,150415,BFO_20b_15q_3r,286.0176429748535,91.4267897149142,91.4267897149142,900.0,-1.0,False,4.636530460334632,1.7258842180787572,286.424390485134,9.561735706184008,4.990499843322862,4.137908912087372,57.12018807394179,2.2819333361213343,2.336245281756495,0.0089898120232454,0.012,0.1371246429987656,0.0160676100545163,0.0015,6.85986383178228,27.663676598715565,12.372650290568172,50.0,32.45091477893321,19.661949727418204,50.0,28.429865032488205,0.1070870720864463,0.537496925467097,50.0,0.0,0.9411837825756272,35.6450103685854,0.0953821723898137,False,False,False,False,0.0
