Carpeta,Imagen,Valvula_de_expansion,Compresor,Condensador
HIGH FAULT,1,0.0,0.0,0.0
HIGH FAULT,2,0.02,0.12,0.54
HIGH FAULT,3,0.55,0.52,2.75
HIGH FAULT,4,0.83,0.66,3.02
HIGH FAULT,5,0.75,0.48,2.63
HIGH FAULT,6,0.94,0.55,2.49
HIGH FAULT,7,1.02,0.68,2.44
HIGH FAULT,8,0.62,0.27,1.89
HIGH FAULT,9,0.83,0.49,1.95
HIGH FAULT,10,0.91,0.52,1.85
HIGH FAULT,11,1.0,0.63,1.83
HIGH FAULT,12,0.46,0.14,1.21
HIGH FAULT,13,0.74,0.46,1.45
HIGH FAULT,14,0.78,0.5,1.43
HIGH FAULT,15,0.59,0.43,1.23
HIGH FAULT,16,0.7,0.51,1.27
HIGH FAULT,17,0.59,0.51,1.14
HIGH FAULT,18,0.69,0.63,1.19
HIGH FAULT,19,0.67,0.63,1.06
HIGH FAULT,20,0.45,0.48,0.83
HIGH FAULT,21,0.72,0.86,1.07
HIGH FAULT,22,0.56,0.83,0.97
HIGH FAULT,23,0.61,1.0,1.0
HIGH FAULT,24,0.63,1.14,1.02
HIGH FAULT,25,0.65,1.2,0.92
HIGH FAULT,26,0.71,1.38,1.0
HIGH FAULT,27,0.56,1.4,0.91
HIGH FAULT,28,0.58,1.46,0.88
HIGH FAULT,29,0.56,1.57,0.88
HIGH FAULT,30,0.55,1.68,0.86
HIGH FAULT,31,0.59,1.81,0.87
HIGH FAULT,32,0.53,1.84,0.84
HIGH FAULT,33,0.6,2.0,0.92
HIGH FAULT,34,0.51,1.99,0.79
HIGH FAULT,35,0.75,2.31,0.99
HIGH FAULT,36,0.83,2.51,1.11
HIGH FAULT,37,0.35,2.12,0.64
HIGH FAULT,38,0.33,2.21,0.58
HIGH FAULT,39,0.34,2.3,0.6
HIGH FAULT,40,0.44,2.52,0.69
HIGH FAULT,41,0.49,2.71,0.8
HIGH FAULT,42,0.68,2.91,0.94
HIGH FAULT,43,0.58,2.98,0.93
HIGH FAULT,44,0.62,3.06,0.97
HIGH FAULT,45,0.79,3.29,1.13
HIGH FAULT,46,0.91,3.5,1.25
HIGH FAULT,47,0.44,3.1,0.71
HIGH FAULT,48,0.4,3.14,0.69
HIGH FAULT,49,0.56,3.43,0.93
HIGH FAULT,50,0.58,3.51,0.92
HIGH FAULT,51,0.62,3.62,0.96
HIGH FAULT,52,0.57,3.65,0.89
HIGH FAULT,53,0.72,3.86,1.09
HIGH FAULT,54,0.52,3.78,0.89
HIGH FAULT,55,0.62,4.0,1.06
HIGH FAULT,56,0.96,4.35,1.35
HIGH FAULT,57,0.7,4.21,1.07
HIGH FAULT,58,0.69,4.19,0.97
HIGH FAULT,59,0.63,4.21,0.93
HIGH FAULT,60,0.94,4.62,1.17
LOW FAULT,1,0.0,0.0,0.0
LOW FAULT,2,-0.05,-0.1,0.06
LOW FAULT,3,0.82,0.01,2.02
LOW FAULT,4,1.41,0.27,2.52
LOW FAULT,5,1.44,0.31,2.4
LOW FAULT,6,0.99,-0.13,1.74
LOW FAULT,7,0.9,-0.25,1.48
LOW FAULT,8,1.09,-0.02,1.59
LOW FAULT,9,0.87,-0.15,1.26
LOW FAULT,10,1.0,-0.02,1.31
LOW FAULT,11,1.03,0.05,1.23
LOW FAULT,12,0.96,0.07,1.18
LOW FAULT,13,0.6,-0.21,0.75
LOW FAULT,14,0.62,-0.13,0.74
LOW FAULT,15,0.65,-0.08,0.72
LOW FAULT,16,0.56,-0.08,0.61
LOW FAULT,17,0.46,-0.21,0.45
LOW FAULT,18,0.53,-0.04,0.55
LOW FAULT,19,0.52,-0.01,0.52
LOW FAULT,20,0.66,0.2,0.65
LOW FAULT,21,0.42,0.13,0.49
LOW FAULT,22,0.48,0.23,0.59
LOW FAULT,23,0.51,0.39,0.59
LOW FAULT,24,0.5,0.51,0.62
LOW FAULT,25,0.59,0.75,0.72
LOW FAULT,26,0.37,0.47,0.37
LOW FAULT,27,0.33,0.54,0.32
LOW FAULT,28,0.29,0.61,0.33
LOW FAULT,29,0.34,0.77,0.35
LOW FAULT,30,0.44,0.94,0.46
LOW FAULT,31,0.05,0.73,0.11
LOW FAULT,32,-0.08,0.68,-0.07
LOW FAULT,33,-0.02,0.89,0.06
LOW FAULT,34,0.12,1.09,0.17
LOW FAULT,35,0.05,1.19,0.17
LOW FAULT,36,0.17,1.34,0.27
LOW FAULT,37,0.26,1.54,0.35
LOW FAULT,38,0.3,1.65,0.4
LOW FAULT,39,0.38,1.86,0.49
LOW FAULT,40,0.42,2.01,0.57
LOW FAULT,41,0.16,1.88,0.38
LOW FAULT,42,0.29,2.04,0.48
LOW FAULT,43,0.19,2.06,0.38
LOW FAULT,44,0.33,2.31,0.51
LOW FAULT,45,0.21,2.29,0.41
LOW FAULT,46,0.01,2.24,0.27
LOW FAULT,47,0.23,2.44,0.42
LOW FAULT,48,0.17,2.44,0.35
LOW FAULT,49,0.35,2.72,0.6
LOW FAULT,50,0.29,2.73,0.5
LOW FAULT,51,0.38,2.95,0.68
LOW FAULT,52,0.37,2.96,0.57
LOW FAULT,53,0.67,3.37,0.94
LOW FAULT,54,0.55,3.35,0.78
LOW FAULT,55,0.48,3.36,0.74
LOW FAULT,56,0.72,3.57,0.91
LOW FAULT,57,0.88,3.78,1.09
LOW FAULT,58,0.22,3.2,0.42
LOW FAULT,59,0.49,3.6,0.76
LOW FAULT,60,0.27,3.4,0.48
HEALTHY,1,0.0,0.0,0.0
HEALTHY,2,-0.12,-0.15,1.45
HEALTHY,3,0.0,-0.12,1.73
HEALTHY,4,-0.47,-0.15,1.6
HEALTHY,5,-1.56,-0.07,1.73
HEALTHY,6,-2.15,0.01,1.8
HEALTHY,7,-2.32,0.03,1.86
HEALTHY,8,-2.51,0.04,1.69
HEALTHY,9,-2.92,-0.27,1.32
HEALTHY,10,-2.94,-0.08,1.44
HEALTHY,11,-2.71,0.37,1.77
HEALTHY,12,-2.67,0.7,1.97
HEALTHY,13,-2.95,0.78,1.81
HEALTHY,14,-2.97,1.08,1.93
HEALTHY,15,-2.88,1.59,2.22
HEALTHY,16,-2.96,1.91,2.25
HEALTHY,17,-3.17,2.08,2.15
HEALTHY,18,-3.14,2.43,2.26
HEALTHY,19,-3.29,2.63,2.18
HEALTHY,20,-3.3,2.92,2.22
HEALTHY,21,-3.25,3.26,2.41
HEALTHY,22,-3.16,3.79,2.65
HEALTHY,23,-2.96,4.31,2.86
HEALTHY,24,-3.02,4.57,2.91
HEALTHY,25,-3.09,4.86,3.0
HEALTHY,26,-2.79,5.39,3.3
HEALTHY,27,-3.32,5.31,2.94
HEALTHY,28,-3.28,5.53,2.91
HEALTHY,29,-3.09,5.98,3.1
HEALTHY,30,-3.18,6.25,3.14
HEALTHY,31,-3.21,6.42,3.07
HEALTHY,32,-3.13,6.8,3.2
HEALTHY,33,-2.96,7.15,3.39
HEALTHY,34,-2.85,7.42,3.5
HEALTHY,35,-2.7,7.76,3.7
HEALTHY,36,-2.68,8.06,3.79
HEALTHY,37,-2.95,7.87,3.46
HEALTHY,38,-2.89,8.11,3.56
HEALTHY,39,-2.95,8.19,3.51
HEALTHY,40,-2.97,8.44,3.62
HEALTHY,41,-2.96,8.62,3.59
HEALTHY,42,-2.93,8.9,3.67
HEALTHY,43,-3.0,9.1,3.64
HEALTHY,44,-2.86,9.37,3.8
HEALTHY,45,-2.81,9.53,4.03
HEALTHY,46,-2.62,9.81,4.13
HEALTHY,47,-2.62,9.87,4.14
HEALTHY,48,-2.73,9.87,4.06
HEALTHY,49,-2.68,10.02,4.08
HEALTHY,50,-2.7,10.1,4.09
HEALTHY,51,-2.69,10.22,4.29
HEALTHY,52,-2.84,10.22,4.2
HEALTHY,53,-2.51,10.4,4.45
HEALTHY,54,-2.5,10.44,4.45
HEALTHY,55,-2.54,10.49,4.64
HEALTHY,56,-2.61,10.52,4.63
HEALTHY,57,-2.63,10.59,4.75
HEALTHY,58,-2.49,10.67,4.62
HEALTHY,59,-2.44,10.67,4.56
HEALTHY,60,-2.51,10.64,4.57
HIGH FAULT,39_b1,0.3404459829296302,2.3103315560143844,0.5980453241175641
HIGH FAULT,52_b1,0.5709281703258886,3.637083771778976,0.8891321076555049
HIGH FAULT,29_b1,0.5584921907615082,1.5707654989954218,0.8764358336216755
HIGH FAULT,15_b1,0.5908774470527627,0.4496915749387614,1.2300527886727353
HIGH FAULT,43_b1,0.5799435607476999,2.9794075330071483,0.9225812645850412
HIGH FAULT,8_b1,0.61591876984713,0.2722669263893414,1.8829419225065684
HIGH FAULT,21_b1,0.7195835204645731,0.8676391868898503,1.0679808428243314
HIGH FAULT,39_b1,0.3422614920019657,2.3041644764694738,0.5961872983203411
HIGH FAULT,58_b1,0.6893719117960422,4.191583241216848,0.9785521323382488
HIGH FAULT,19_b1,0.6726081537252306,0.6212067313641103,1.0706771489394775
HIGH FAULT,23_b1,0.6126548198443581,0.9950190589835692,0.9907002975454946
HIGH FAULT,11_b1,1.001803102336161,0.6181214238266436,1.8286742897849788
HIGH FAULT,11_b1,1.0021071839688882,0.6231735398446213,1.8266536611669049
HIGH FAULT,24_b1,0.630023731547066,1.1405121329710786,1.0283136524686065
HIGH FAULT,53_b1,0.7175678031881503,3.864180440158519,1.091940569119579
HIGH FAULT,36_b1,0.830891105986708,2.5182198594496863,1.11017458185753
HIGH FAULT,40_b1,0.4447268077468184,2.541705910999592,0.6938401218479252
HIGH FAULT,24_b1,0.6263076508376684,1.165491572564734,1.0104499822465325
HIGH FAULT,3_b1,0.5498220344346836,0.532867525588012,2.746541404939491
HIGH FAULT,22_b1,0.5644632848144142,0.8316198556569564,0.9749270630796486
HIGH FAULT,53_b1,0.721607622443181,3.8633454302796895,1.0917356341851177
HIGH FAULT,2_b1,0.0177553950738225,0.098279169140484,0.5382373592981871
HIGH FAULT,24_b1,0.6303736297822323,1.1326416705580007,1.0178778866916391
HIGH FAULT,44_b1,0.6185658655885419,3.068337699510592,0.972064837545209
HIGH FAULT,30_b1,0.5483540444543532,1.680093233917782,0.8499754441351155
HIGH FAULT,38_b1,0.3285541972731599,2.220213750294023,0.5822090468894016
HIGH FAULT,2_b1,0.0197704238520205,0.1376249420659697,0.5388904157871813
HIGH FAULT,60_b1,0.9386364652911168,4.619349109159124,1.168237582090043
HIGH FAULT,21_b1,0.7215955567296585,0.8627902431372698,1.0684297275499286
HIGH FAULT,33_b1,0.5997587798469335,2.016090403608958,0.9233551833669734
HIGH FAULT,12_b1,0.4600581747650424,0.1392422459821093,1.2111832193339518
HIGH FAULT,58_b1,0.6924045066961547,4.191821144309195,0.9727991791483032
HIGH FAULT,22_b1,0.5588829790946649,0.8424250418835768,0.9715491488685328
HIGH FAULT,44_b1,0.6189162211317453,3.032071615187747,0.966156400237856
HIGH FAULT,25_b1,0.6502316665339174,1.1953755888388315,0.9177500097521388
HIGH FAULT,49_b1,0.5596180738694235,3.4101010520680632,0.9378212812657756
HIGH FAULT,27_b1,0.5628110976197843,1.4116346430061353,0.9121622441808412
HIGH FAULT,59_b1,0.6315832307749707,4.216860438832093,0.9349971063418928
HIGH FAULT,42_b1,0.681071780683835,2.9181597710224665,0.9460691902283898
HIGH FAULT,28_b1,0.5787723110529861,1.4380753001354534,0.8825279226756281
HIGH FAULT,60_b1,0.9425579956916365,4.617116073109207,1.168092222534309
HIGH FAULT,16_b1,0.7024157146070555,0.487255533229645,1.2822911506287875
HIGH FAULT,15_b1,0.5881554460421174,0.4421290486343746,1.224723447825728
HIGH FAULT,47_b1,0.443017170501445,3.091729092849733,0.7096390910910623
HIGH FAULT,51_b1,0.6199114992607943,3.628523752486279,0.9594778449989828
HIGH FAULT,44_b1,0.6198814947982652,3.0707504517172737,0.9566424521780204
HIGH FAULT,55_b1,0.6195788112479522,4.005007688512045,1.048891678843149
HIGH FAULT,52_b1,0.5731738673146045,3.6625152371659553,0.8817078800275767
HIGH FAULT,57_b1,0.7004407221937797,4.174208436729744,1.0645651233088835
HIGH FAULT,3_b1,0.5504044715898021,0.5180487927659517,2.7511414964259147
HIGH FAULT,37_b1,0.3492284648704622,2.1220155432299546,0.6480171457927663
HIGH FAULT,51_b1,0.6203057879194499,3.6104617618745247,0.9584108275944306
HIGH FAULT,7_b1,1.0170031481015565,0.6703249909958037,2.444499580447366
HIGH FAULT,21_b1,0.7192265809825458,0.8586183018655424,1.0717625298332094
HIGH FAULT,9_b1,0.8313020997748062,0.4918134721711494,1.953732653071968
HIGH FAULT,39_b1,0.3376764581336597,2.3233445424690173,0.5999507082882204
HIGH FAULT,18_b1,0.689977565205278,0.6192026147678413,1.189899834980851
HIGH FAULT,4_b1,0.8284529560801858,0.6873390601767085,3.0183282839048275
HIGH FAULT,25_b1,0.6507973205045965,1.208157061771068,0.9245789134102572
HIGH FAULT,60_b1,0.937977819368642,4.590323753628769,1.1775377366012836
HIGH FAULT,5_b2,0.7468212068235016,0.5044833496280434,2.624159141092912
HIGH FAULT,1_b2,-0.0015194114461696,0.015037339294616,0.0058598789160203
HIGH FAULT,50_b2,0.5805855950881894,3.5044379547611766,0.928781411016331
HIGH FAULT,22_b2,0.5603951347065386,0.8242171368998084,0.97363727057533
HIGH FAULT,59_b2,0.628730093483177,4.23594576548686,0.9264674869814878
HIGH FAULT,17_b2,0.5910900155823757,0.5026771998168494,1.1408211874490932
HIGH FAULT,52_b2,0.5655259632388153,3.656523767958561,0.8973734777619846
HIGH FAULT,18_b2,0.6901127183567243,0.6255863800686038,1.1980871683182368
HIGH FAULT,60_b2,0.941669062076016,4.613246182754311,1.1606291840594811
HIGH FAULT,28_b2,0.5780343070820416,1.4658184617970331,0.8836541741337484
HIGH FAULT,3_b2,0.5519915289317523,0.5228824900719956,2.754696435833452
HIGH FAULT,47_b2,0.440209065139137,3.119430267089517,0.7122525643901279
HIGH FAULT,31_b2,0.5853604585486685,1.813246405952976,0.8710994561237512
HIGH FAULT,24_b2,0.632041615056298,1.131301204810915,1.035643898205198
HIGH FAULT,1_b2,-0.0041509329098572,-0.003062399841509,0.0088144712869615
HIGH FAULT,36_b2,0.8273107623103685,2.5225675827971807,1.1121318556087862
HIGH FAULT,51_b2,0.6216847002261287,3.61274221434818,0.950421672486558
HIGH FAULT,60_b2,0.9431108405393094,4.593263039170983,1.1669299475119108
HIGH FAULT,12_b2,0.4613185770306388,0.1340301360380314,1.2096164694965816
HIGH FAULT,26_b2,0.7124095379958423,1.3988057933557978,1.0024792366976352
HIGH FAULT,2_b2,0.0180148893507272,0.1199730359761326,0.5410973874211442
HIGH FAULT,48_b2,0.3982577146687209,3.1115872781884346,0.6937291735907697
HIGH FAULT,35_b2,0.7492028872656721,2.3128720354839056,0.9923814548432096
HIGH FAULT,12_b2,0.4604829067837259,0.1219362996583523,1.2070098655748616
HIGH FAULT,3_b2,0.5503679496547524,0.5072582994041474,2.7533716604292207
HIGH FAULT,36_b2,0.8291619340304954,2.5179425065049696,1.1181523062706304
HIGH FAULT,54_b2,0.521997437367986,3.7862600045136663,0.8960881588963894
HIGH FAULT,5_b2,0.7488265590841673,0.5206051667364339,2.6312009184354417
HIGH FAULT,37_b2,0.3499093529758394,2.1080999027743403,0.6474699380545152
HIGH FAULT,49_b2,0.5588019530399725,3.4211543695419344,0.919622694659734
HIGH FAULT,54_b2,0.519190724514846,3.772602105219138,0.8944217112868925
HIGH FAULT,13_b2,0.738943632306242,0.4590837814147914,1.4539911887058266
HIGH FAULT,25_b2,0.6522445382140666,1.20171716523777,0.9207799231157818
HIGH FAULT,48_b2,0.3965120974347214,3.144179966574552,0.7012179929393011
HIGH FAULT,33_b2,0.5999180844646829,2.018765236621448,0.9087203403791098
HIGH FAULT,11_b2,0.9998022773209784,0.6119534484443983,1.8334449578325696
HIGH FAULT,49_b2,0.5598584360220901,3.4085623116538564,0.92692595906306
HIGH FAULT,10_b2,0.9082924493551842,0.517371062159882,1.851994556306447
HIGH FAULT,35_b2,0.7490663304618543,2.326273154787141,1.0006883548840684
HIGH FAULT,49_b2,0.5640653141291209,3.427339668077936,0.9312348487782895
HIGH FAULT,53_b2,0.720372661751358,3.877664026113833,1.0808790185451458
HIGH FAULT,5_b2,0.7503133697266356,0.4726797063841486,2.6286674114101
HIGH FAULT,57_b2,0.702003832067182,4.197229802312087,1.066832884539291
HIGH FAULT,29_b2,0.5601791018250161,1.5718748758776495,0.877377095708339
HIGH FAULT,10_b2,0.9136025214944548,0.5323037196317661,1.852537184846932
HIGH FAULT,8_b2,0.6204182309819489,0.2674728411436854,1.893704638158013
HIGH FAULT,21_b2,0.7164046109260045,0.8653359488828333,1.0489817947995552
HIGH FAULT,48_b2,0.3985149385975689,3.1554561357029502,0.6953580333362298
HIGH FAULT,41_b2,0.493452270403224,2.71404949061562,0.8121469928796176
HIGH FAULT,54_b2,0.5183589801213114,3.761164110511733,0.8873797539336978
HIGH FAULT,33_b2,0.6013707599413447,1.9880144840331968,0.9219834814947252
HIGH FAULT,4_b2,0.8302466929382717,0.6560814636421445,3.017722811103676
HIGH FAULT,35_b2,0.7512740169288717,2.3061295830467032,0.9937188290431698
HIGH FAULT,42_b2,0.6771689857736203,2.896573799178153,0.9380169372398875
HIGH FAULT,44_b2,0.619359461177289,3.049674411261704,0.9759878864032449
HIGH FAULT,26_b2,0.7076778268559714,1.3946276814519485,1.000445942535449
HIGH FAULT,30_b2,0.550262513098348,1.6641214693838873,0.8685169363015592
HIGH FAULT,49_b2,0.5576159437317318,3.4180207136066145,0.9245406058814576
HIGH FAULT,55_b2,0.6212705593444176,3.973876513121588,1.066454494008234
HIGH FAULT,59_b2,0.6275525405608494,4.223179533056467,0.9307582642932636
HIGH FAULT,21_b3,0.7214287759094073,0.8762828271194241,1.0703704626201564
HIGH FAULT,36_b3,0.8320704872643591,2.520538117700177,1.111314608614454
HIGH FAULT,50_b3,0.579295060879,3.500946983185504,0.9231523727014228
HIGH FAULT,46_b3,0.9092636871765192,3.5005735741644903,1.26574377583527
HIGH FAULT,60_b3,0.9428463754635574,4.618234747545125,1.1759663797940123
HIGH FAULT,4_b3,0.8292970195320316,0.6807589948581028,3.0158568207593404
HIGH FAULT,33_b3,0.6003291774619198,2.009514745613398,0.9243813616640328
HIGH FAULT,21_b3,0.7218720166085986,0.8488189684840097,1.0689526138888414
HIGH FAULT,4_b3,0.8326579199563526,0.6482928335136263,3.0236412282019187
HIGH FAULT,48_b3,0.3989350152709998,3.145394523438205,0.6910936736668739
HIGH FAULT,43_b3,0.5804032510009002,2.9715504751526782,0.9337430848882856
HIGH FAULT,57_b3,0.6991071471556652,4.223211575115405,1.0685998230391471
HIGH FAULT,24_b3,0.6311153163652846,1.148952576041533,1.0071535580085549
HIGH FAULT,56_b3,0.9604026057073466,4.370802612355288,1.36260336233921
HIGH FAULT,23_b3,0.6094133607572209,0.9865432214454752,0.9884644802252412
HIGH FAULT,26_b3,0.7097706178117763,1.395231116762599,0.9992233940466574
HIGH FAULT,4_b3,0.8272102157637723,0.661675635312697,3.0178571324590355
HIGH FAULT,8_b3,0.6218665027065232,0.2811447885716808,1.8900243001162305
HIGH FAULT,4_b3,0.8276067685340452,0.6739733883297894,3.026223823418476
HIGH FAULT,36_b3,0.8277341993971626,2.5113426876602176,1.1080485880309356
HIGH FAULT,39_b3,0.3375560216632918,2.3011262567680246,0.594551430546191
HIGH FAULT,46_b3,0.9102228813290304,3.512194622605595,1.2582752156163866
HIGH FAULT,54_b3,0.517166699844632,3.768838877322042,0.8933935459960562
HIGH FAULT,37_b3,0.3479074714982921,2.1294688992427107,0.6399800316930607
HIGH FAULT,54_b3,0.5183168861094398,3.803717545357205,0.8840086394479078
HIGH FAULT,58_b3,0.6914703491692793,4.213151706953104,0.9688638220964256
HIGH FAULT,2_b3,0.0167923428009575,0.1244846480883606,0.54123643266147
HIGH FAULT,15_b3,0.5867032564948795,0.4118763739429114,1.228835611146497
HIGH FAULT,57_b3,0.7009972935598094,4.201459378946331,1.06805770380377
HIGH FAULT,40_b3,0.440825203450224,2.5466857991272405,0.6975279780667742
HIGH FAULT,37_b3,0.3457200344725361,2.123771485763619,0.6358174633641164
HIGH FAULT,30_b3,0.5497555682929672,1.663564267030689,0.8676947789117457
HIGH FAULT,22_b3,0.5601498835701987,0.8345165329589181,0.9683145308210732
HIGH FAULT,20_b3,0.4480288191598223,0.4717205283346622,0.8365140171446344
HIGH FAULT,33_b3,0.6009699107749163,1.9970851960628364,0.905240929195112
HIGH FAULT,11_b3,1.0000013431648995,0.6089723031829455,1.831898650304205
HIGH FAULT,37_b3,0.3499484841198423,2.1220851555074223,0.6383465236941603
HIGH FAULT,42_b3,0.6788572677825491,2.8931076106429647,0.949934129464875
HIGH FAULT,32_b3,0.5261593565737995,1.8512654408403717,0.8422264418845429
HIGH FAULT,19_b3,0.6727163974662024,0.6180463057512161,1.0716233021665436
HIGH FAULT,9_b3,0.8324570185121444,0.5080157436803802,1.945294729394196
HIGH FAULT,30_b3,0.5490485549021313,1.6830309271799415,0.8608341913758036
HIGH FAULT,9_b3,0.8269771156323124,0.5321136987320206,1.9500580936476293
HIGH FAULT,11_b3,1.0003486377263728,0.616467465143568,1.825930239932258
HIGH FAULT,23_b3,0.6078221018990462,0.9989765820525014,1.0000223796643533
HIGH FAULT,59_b3,0.6335801107202704,4.235742045487709,0.9302793029559652
HIGH FAULT,51_b3,0.6164694197920486,3.61501525662672,0.9595535730965298
HIGH FAULT,17_b3,0.5882277043755579,0.4998367308067629,1.141035944594343
HIGH FAULT,52_b3,0.570182215784025,3.663406024616336,0.8870054444818501
HIGH FAULT,53_b3,0.7168281132851376,3.8567434951750914,1.088431348995427
HIGH FAULT,9_b3,0.828771202829452,0.4785223469951052,1.9574793794966137
HIGH FAULT,52_b3,0.5696412234809216,3.655247921378453,0.8963134758742558
HIGH FAULT,51_b3,0.6188459509356786,3.6261199498481846,0.983623566511932
HIGH FAULT,19_b3,0.6691711274502796,0.627233990234783,1.0657952062574323
HIGH FAULT,29_b3,0.5626469557494774,1.5676209766675488,0.8757194987623934
HIGH FAULT,30_b3,0.552991262864642,1.666440434578054,0.8594936242998539
HIGH FAULT,2_b3,0.0216488615747507,0.1502582828101689,0.5370751296762056
HIGH FAULT,13_b3,0.7380998628205331,0.4646181707059896,1.44183001241314
HIGH FAULT,3_b3,0.5519199539749677,0.5104655902011308,2.749195328288598
HIGH FAULT,12_b3,0.457769145125091,0.1350638787328371,1.2090980793751809
HIGH FAULT,12_b4,0.4614356799331863,0.1645358415702214,1.220086365054486
HIGH FAULT,31_b4,0.5885937838912431,1.8091046316871675,0.8689524639836764
HIGH FAULT,4_b4,0.8296436265361302,0.6452157169473961,3.026006842075822
HIGH FAULT,33_b4,0.5996749291482907,1.9939048169435136,0.9113093220772024
HIGH FAULT,32_b4,0.5329092898968018,1.8101234836899256,0.8447742415106574
HIGH FAULT,22_b4,0.5622906501788716,0.8347516421771081,0.9679396691451368
HIGH FAULT,36_b4,0.8294940989477543,2.510981327320384,1.116484851230233
HIGH FAULT,5_b4,0.7468391539246281,0.4676133349640262,2.626109092593793
HIGH FAULT,58_b4,0.6904097062379488,4.200367909500758,0.9654936168366884
HIGH FAULT,57_b4,0.6991908078693552,4.195618553023942,1.0744931398647308
HIGH FAULT,16_b4,0.6998712910034648,0.5004906882733458,1.2716028942066409
HIGH FAULT,2_b4,0.0206283061041026,0.1553007032005513,0.5394369210006366
HIGH FAULT,15_b4,0.590487632790394,0.4251731587387665,1.2261146471916131
HIGH FAULT,54_b4,0.518107516125419,3.734326010765467,0.8938017154814506
HIGH FAULT,58_b4,0.6898400262520182,4.195090989502209,0.9731985298502416
HIGH FAULT,55_b4,0.6205672670844959,4.024701183311551,1.0574400410994087
HIGH FAULT,9_b4,0.8323030824837762,0.4925596113393697,1.9471712326683013
HIGH FAULT,24_b4,0.6286985007756878,1.159011526171902,1.0094415160622563
HIGH FAULT,47_b4,0.4416030969098415,3.098237565781504,0.7084993791014753
HIGH FAULT,9_b4,0.8326330170945959,0.4826245368940609,1.9496035936815124
HIGH FAULT,54_b4,0.5216354552841974,3.7610196887416167,0.8946223156835488
HIGH FAULT,13_b4,0.7398125700702218,0.4621045249439436,1.4493089912681476
HIGH FAULT,35_b4,0.7474345667179099,2.303507438682969,0.9888780297645484
HIGH FAULT,25_b4,0.6516929752914027,1.1989723622467077,0.9207449337835568
HIGH FAULT,13_b4,0.7404092411932656,0.4518738542169405,1.4504111831270807
HIGH FAULT,18_b4,0.689639591356544,0.6434521177916004,1.1868025187758413
HIGH FAULT,39_b4,0.3409425564113672,2.294978751965434,0.5908446025934255
HIGH FAULT,5_b4,0.7484547069791571,0.467916068205919,2.6328726870209453
HIGH FAULT,47_b4,0.4406274885349918,3.105199337420422,0.7140364743657556
HIGH FAULT,31_b4,0.5889582375966476,1.814599312414812,0.8744842402333162
HIGH FAULT,57_b4,0.6985053356920686,4.204782845648422,1.0598899939870046
HIGH FAULT,15_b4,0.5901580380735207,0.4261669678777794,1.2364523819855595
HIGH FAULT,43_b4,0.5804501228352151,2.9906740337673767,0.937364951136468
HIGH FAULT,37_b4,0.3490248683928778,2.12833240814188,0.647399821344584
HIGH FAULT,32_b4,0.5294685598100024,1.8446958347070856,0.8401005938650901
HIGH FAULT,23_b4,0.6097480890810685,1.002724272101666,1.003805185609428
HIGH FAULT,37_b4,0.3491900173212531,2.116784566222976,0.6390218329169048
HIGH FAULT,58_b4,0.6893776253785493,4.2074726873045885,0.9688772883514788
HIGH FAULT,16_b4,0.7016281177715326,0.513984087360393,1.2593948422601355
HIGH FAULT,18_b4,0.6910018487921534,0.6539268057570309,1.1921968875565507
HIGH FAULT,7_b4,1.022188879492462,0.688181738762185,2.4398457577628605
HIGH FAULT,45_b4,0.7891665660539555,3.298548061633482,1.1262041401902914
HIGH FAULT,43_b4,0.580834864331174,2.9988138415623715,0.9304784743060872
HIGH FAULT,12_b4,0.4615028028424197,0.1402322361981059,1.2059802668567758
HIGH FAULT,41_b4,0.4899604730497908,2.7384998109250223,0.8059536029284051
HIGH FAULT,9_b4,0.8275251126400363,0.4777435409842483,1.956958186577
HIGH FAULT,50_b4,0.5819121830169656,3.518131693154743,0.9219058139400632
HIGH FAULT,14_b4,0.7784616656077936,0.5132243287560392,1.4311111716119584
HIGH FAULT,60_b4,0.9386385033284936,4.619528575303848,1.1642748909080136
HIGH FAULT,12_b4,0.4565406376799795,0.1390996942631557,1.214296219775561
HIGH FAULT,43_b4,0.5786496114508426,2.976898954170671,0.9295532074846344
HIGH FAULT,55_b4,0.6224583477010445,3.978719984780135,1.055633534530288
HIGH FAULT,17_b4,0.586450722095421,0.4985960955708339,1.1354426835302485
HIGH FAULT,53_b4,0.7236907196711019,3.857025506260592,1.0845182415646122
HIGH FAULT,58_b4,0.6901466127357492,4.194962219145277,0.9711948712273052
HIGH FAULT,25_b4,0.6516367717298895,1.2072764762403674,0.9145912683636936
HIGH FAULT,48_b4,0.39865647866565,3.13094505526165,0.6924209048566088
HIGH FAULT,49_b4,0.5601003840967982,3.427734365365316,0.9321627935160426
HIGH FAULT,42_b4,0.677970324199543,2.885099243404414,0.9357449892465118
HIGH FAULT,32_b4,0.5301034879634693,1.8506410611391628,0.8324831758673344
HIGH FAULT,6_b5,0.9393138430113892,0.5595470361021723,2.4857949678314486
HIGH FAULT,41_b5,0.4883945836141161,2.706448281277981,0.7946042242174511
HIGH FAULT,53_b5,0.720458425790697,3.8477841465287215,1.0932621847340258
HIGH FAULT,59_b5,0.6306086106896429,4.218552708657686,0.9290804418074068
HIGH FAULT,20_b5,0.449536987855667,0.4778455103016122,0.828837326508702
HIGH FAULT,19_b5,0.6707651356178101,0.6338538641265485,1.0646880486264565
HIGH FAULT,12_b5,0.4593120377767813,0.1352777602416394,1.2069652786444298
HIGH FAULT,30_b5,0.5521737034647545,1.658648263598637,0.8647650105842142
HIGH FAULT,28_b5,0.5813031580090072,1.4667218838434104,0.8817016443227855
HIGH FAULT,17_b5,0.5905513848959218,0.5198462935764059,1.1433638233506325
HIGH FAULT,44_b5,0.6203213532103239,3.0683394240071675,0.9720853049157392
HIGH FAULT,3_b5,0.5487423491272438,0.516386614190873,2.743103396435159
HIGH FAULT,9_b5,0.8309521298702135,0.4984233090687522,1.9551758180771373
HIGH FAULT,33_b5,0.5998594656943843,2.0023796752480734,0.9189150609320712
HIGH FAULT,32_b5,0.5316451527690129,1.8380175737078963,0.8332609097110292
HIGH FAULT,56_b5,0.9596743257602904,4.308237455584577,1.3552795923402223
HIGH FAULT,23_b5,0.6110006779264183,1.000196000800719,0.992455638951138
HIGH FAULT,35_b5,0.7528623438193853,2.285002153330613,0.9937838500203752
HIGH FAULT,60_b5,0.939269803884405,4.605411809517697,1.167735412777606
HIGH FAULT,16_b5,0.7007129618497494,0.5191718321772649,1.266434665972348
HIGH FAULT,31_b5,0.5889664979503706,1.832456027883563,0.8631621915376563
HIGH FAULT,35_b5,0.7494417684800635,2.321285539555213,0.9887131266030956
HIGH FAULT,3_b5,0.551934653293037,0.4887207445556843,2.744157168936607
HIGH FAULT,51_b5,0.6162863804037152,3.622655938287663,0.9531272376809868
HIGH FAULT,23_b5,0.6102021614860569,1.0207168124779813,1.0084589614475663
HIGH FAULT,24_b5,0.6299330282867379,1.1515166984091991,1.0192320447617509
HIGH FAULT,9_b5,0.8272854552560825,0.480732491134474,1.9543131908028424
HIGH FAULT,57_b5,0.7007969634524354,4.206091665604038,1.0634006483946885
HIGH FAULT,55_b5,0.6199593904359576,3.99364750921289,1.055163334587263
HIGH FAULT,49_b5,0.557756330382898,3.4414413123498004,0.9313096834190772
HIGH FAULT,3_b5,0.5511051835354657,0.5199706670031929,2.747237415658736
HIGH FAULT,44_b5,0.6220260232908299,3.0742727512394854,0.9698604340306956
HIGH FAULT,44_b5,0.6218668261619239,3.036630891835186,0.970041978326496
HIGH FAULT,53_b5,0.719416564778784,3.827939566797488,1.0918809164924392
HIGH FAULT,41_b5,0.4876772299179824,2.697882965750717,0.7979096763726784
HIGH FAULT,9_b5,0.8302554913205481,0.4886675285100462,1.946906605376855
HIGH FAULT,13_b5,0.7383205164819573,0.4402957205631427,1.4580852386801375
HIGH FAULT,2_b5,0.020516329866809,0.1500605383826927,0.5325728829815908
HIGH FAULT,29_b5,0.5590045761827955,1.571099219407208,0.8746377679009554
HIGH FAULT,2_b5,0.0204590460928114,0.1133988770805372,0.5389072608625216
HIGH FAULT,57_b5,0.6995557741010413,4.199489627434059,1.0664004795616042
HIGH FAULT,17_b5,0.5904296330739643,0.512023281085328,1.1392517620190217
HIGH FAULT,29_b5,0.5616822854263743,1.570271544962911,0.8805568212082561
HIGH FAULT,60_b5,0.9433025586083786,4.6316489543367085,1.1788682291775792
HIGH FAULT,24_b5,0.6270736097795121,1.150803408070232,1.023325684338536
HIGH FAULT,54_b5,0.5198897070386036,3.7782585545411287,0.88807640518431
HIGH FAULT,17_b5,0.5936271294820653,0.5198943988252297,1.1411349034672738
HIGH FAULT,18_b5,0.6890168750981593,0.6266878858298027,1.182650014547736
HIGH FAULT,6_b5,0.9420012810039392,0.5363328474013266,2.4845372242593182
HIGH FAULT,33_b5,0.6001718091034147,1.996853368761436,0.9173943332686731
HIGH FAULT,17_b5,0.5900377671457729,0.482391122118504,1.1382922369862678
HIGH FAULT,23_b5,0.6086614938398448,0.9999961740251394,1.0079244244484986
HIGH FAULT,56_b5,0.9604848869292056,4.359855688695837,1.3455331349163258
HIGH FAULT,31_b5,0.5887154629963348,1.802177928100378,0.8797605709185883
HIGH FAULT,57_b5,0.6987970410752516,4.219746560102013,1.0686390693179957
HIGH FAULT,13_b5,0.7402519182026432,0.487519966258826,1.4476696910695777
HIGH FAULT,17_b5,0.5921563734695942,0.5127323655075375,1.1360760223732198
HIGH FAULT,59_b5,0.6301631615359512,4.2099462173383575,0.941046360111826
HIGH FAULT,23_b5,0.6105681893588245,0.9919988308097866,1.002697573333159
HIGH FAULT,39_b5,0.3397525126993669,2.310431236696023,0.6001659171442306
LOW FAULT,39_b1,0.3781714501902096,1.841434436052902,0.4984254186256515
LOW FAULT,52_b1,0.3690233188645024,2.9632425430776737,0.5748884791026153
LOW FAULT,29_b1,0.3445270952325764,0.7670496176446835,0.3507466422655948
LOW FAULT,15_b1,0.6502274280646242,-0.0925900859945251,0.7113257041567236
LOW FAULT,43_b1,0.1902377474010451,2.05598172277858,0.3750690026389376
LOW FAULT,8_b1,1.0882133765763953,-0.0143985393560051,1.592337097629694
LOW FAULT,21_b1,0.4220325936039232,0.161345195799934,0.4901613793984643
LOW FAULT,39_b1,0.3769379542792123,1.8558119009752356,0.4956272523968013
LOW FAULT,58_b1,0.2229895168444949,3.2091230300697147,0.4214034266789931
LOW FAULT,19_b1,0.518209882196264,-0.0279187772877174,0.5157344722782224
LOW FAULT,23_b1,0.509218190109003,0.3832238870769768,0.5986197307729668
LOW FAULT,11_b1,1.0307854682146416,0.0497424167612256,1.2316708253159914
LOW FAULT,11_b1,1.0297557228662737,0.0560553135811193,1.225276414237227
LOW FAULT,24_b1,0.499996687063692,0.5162835500785982,0.6219203216451792
LOW FAULT,53_b1,0.6680128561006535,3.380194009110149,0.9304160842120858
LOW FAULT,36_b1,0.1707765546216678,1.3450993654128365,0.2642890670409891
LOW FAULT,40_b1,0.4241771341413678,2.0081909287404907,0.5715779712481397
LOW FAULT,24_b1,0.50409372098611,0.5100460824357509,0.6097839728050831
LOW FAULT,3_b1,0.8220372610772542,0.014598826031915,2.0212198870067444
LOW FAULT,22_b1,0.4823186774663345,0.2211112780582552,0.5795480800199485
LOW FAULT,53_b1,0.67080225822733,3.374826883439028,0.9374079918121128
LOW FAULT,2_b1,-0.0508431786173767,-0.1244928722336685,0.0614632838731765
LOW FAULT,24_b1,0.5034813083927779,0.5152355715220908,0.6263546918247134
LOW FAULT,44_b1,0.3309471094869073,2.3210128301734674,0.5101782018505875
LOW FAULT,30_b1,0.43893113560303,0.948551738462458,0.4673559341706341
LOW FAULT,38_b1,0.3038917146206553,1.636975580449255,0.4033961719950527
LOW FAULT,2_b1,-0.05313299254139,-0.1076987774400557,0.0597332601321722
LOW FAULT,60_b1,0.2705711108468274,3.401601096762497,0.4815382582782093
LOW FAULT,21_b1,0.4224043629957159,0.1387927562183749,0.4886987740601204
LOW FAULT,33_b1,-0.0211905590286294,0.8946787434174195,0.0537892452560205
LOW FAULT,12_b1,0.958996736869248,0.0844475410200896,1.1739297894419072
LOW FAULT,58_b1,0.2173745481504408,3.195916228363592,0.4270460055115626
LOW FAULT,22_b1,0.4806657178801232,0.2328741260903508,0.5966698671558542
LOW FAULT,44_b1,0.3358766258046791,2.327391435127669,0.5123276041939853
LOW FAULT,25_b1,0.5884503771263017,0.7590313631862007,0.7201978474413006
LOW FAULT,49_b1,0.3499914318975318,2.7248945515275653,0.596865123662937
LOW FAULT,27_b1,0.3266206228130976,0.5369000789552151,0.3145005008856646
LOW FAULT,59_b1,0.4888081713947491,3.611707543521959,0.7613943801260207
LOW FAULT,42_b1,0.2880174615939358,2.032762506039839,0.473513176305286
LOW FAULT,28_b1,0.2925147890585099,0.5928846530385181,0.3317018263211158
LOW FAULT,60_b1,0.2746880154265552,3.4065488125061383,0.4764197248783303
LOW FAULT,16_b1,0.5581778111249274,-0.056474535547416,0.603227546844488
LOW FAULT,15_b1,0.6522354607214692,-0.0921500022184639,0.7225438243938398
LOW FAULT,47_b1,0.2296049948718755,2.448432592416289,0.4228121235675939
LOW FAULT,51_b1,0.375120323215637,2.9545098057202046,0.6893066250789269
LOW FAULT,44_b1,0.3305035793438385,2.310734756283508,0.5066241299650409
LOW FAULT,55_b1,0.4778531712465494,3.353028511288608,0.7413057173723109
LOW FAULT,52_b1,0.3728368566684173,2.9649458557498862,0.5710943843338476
LOW FAULT,57_b1,0.8810654077301375,3.7818542470492273,1.088842645984659
LOW FAULT,3_b1,0.8194848348884252,-0.0022558850064976,2.024280326597927
LOW FAULT,37_b1,0.2568076958193173,1.573302369640816,0.3567677256465761
LOW FAULT,51_b1,0.3787472890723725,2.924889406816041,0.6783273005664812
LOW FAULT,7_b1,0.9008746009589156,-0.2376226736685915,1.4841336612480591
LOW FAULT,21_b1,0.4173941489865497,0.1411628040210408,0.4943971401579198
LOW FAULT,9_b1,0.8691224298473652,-0.1572905389786069,1.2578209559801423
LOW FAULT,39_b1,0.3796432044558638,1.8440535862685803,0.4812497007424627
LOW FAULT,18_b1,0.530795594516951,-0.0234828688060968,0.5451176361200747
LOW FAULT,4_b1,1.4088943915377747,0.2870889751852297,2.521775810959672
LOW FAULT,25_b1,0.593262427665734,0.7499561579072915,0.7250204178778402
LOW FAULT,60_b1,0.2691575995258295,3.4055095351145512,0.4809838887417463
LOW FAULT,5_b2,1.4422162386649633,0.3257964675164382,2.399906849390515
LOW FAULT,1_b2,0.0030491074710418,-0.0154491902824829,-0.0008440459231129
LOW FAULT,50_b2,0.2877719930851843,2.7411456611857794,0.4904603343751158
LOW FAULT,22_b2,0.4829955434890823,0.2427624473091923,0.5771516645815599
LOW FAULT,59_b2,0.4934955514743343,3.5988981125972823,0.7733572050678126
LOW FAULT,17_b2,0.4628897178197296,-0.2339298376879692,0.4494638129250781
LOW FAULT,52_b2,0.367748670420283,2.9747725490805546,0.5615657084014894
LOW FAULT,18_b2,0.528360272889812,-0.0427222693455923,0.552988931296716
LOW FAULT,60_b2,0.2727702768926702,3.38500851583914,0.4740336109481958
LOW FAULT,28_b2,0.2965647337143358,0.6116124720812872,0.3214217135773465
LOW FAULT,3_b2,0.8255349999645557,0.008187646233055,2.0182705965175054
LOW FAULT,47_b2,0.2390587466580812,2.4737203050285377,0.4210157023716169
LOW FAULT,31_b2,0.0470636993315762,0.7462919263257684,0.1127856147022058
LOW FAULT,24_b2,0.5050429312046476,0.5078138797642343,0.6163478611921673
LOW FAULT,1_b2,0.0070626746137535,0.0200835112601658,6.292849768391797e-05
LOW FAULT,36_b2,0.1722995253336879,1.322540556644234,0.276361683810304
LOW FAULT,51_b2,0.3818083663994869,2.971017647269332,0.6728939311331351
LOW FAULT,60_b2,0.2717091234906233,3.400036537516247,0.4810826816368234
LOW FAULT,12_b2,0.954704067852248,0.0762139072838753,1.1836440105605184
LOW FAULT,26_b2,0.3679501181776183,0.4668261469570392,0.3830479431125383
LOW FAULT,2_b2,-0.0471969766426544,-0.1107048349527603,0.0655789159217834
LOW FAULT,48_b2,0.1766812474479665,2.4523936462168527,0.3554897779194496
LOW FAULT,35_b2,0.0534337728681702,1.19105705176959,0.1747666812820684
LOW FAULT,12_b2,0.967984733398306,0.0653936415596489,1.1775962411898588
LOW FAULT,3_b2,0.819006668390977,0.0073574696736612,2.019283600951435
LOW FAULT,36_b2,0.1692245538735085,1.3422663525892071,0.268324888039491
LOW FAULT,54_b2,0.5465710574305142,3.349239539649138,0.7782619496346361
LOW FAULT,5_b2,1.4401668474159488,0.2992088109605987,2.399134993922878
LOW FAULT,37_b2,0.256672249201289,1.5376221295677588,0.3430154278776002
LOW FAULT,49_b2,0.3511743738010224,2.7309069655778244,0.5922194272520996
LOW FAULT,54_b2,0.5464565187660974,3.348829147003119,0.7801585481719192
LOW FAULT,13_b2,0.6006793789829742,-0.1878833152415014,0.7462594696186073
LOW FAULT,25_b2,0.5862992518992144,0.7202924063070205,0.7239567233409717
LOW FAULT,48_b2,0.1741476928685263,2.4440803575698498,0.3482843866844828
LOW FAULT,33_b2,-0.0215819477513595,0.9143023017975496,0.0672083809355054
LOW FAULT,11_b2,1.033038825182306,0.0599954568547178,1.224662677889602
LOW FAULT,49_b2,0.3526301610181946,2.715794176151513,0.6044797513707898
LOW FAULT,10_b2,0.9965952311395274,-0.0231210679176982,1.3259406309262087
LOW FAULT,35_b2,0.0525618617210342,1.1881973243315718,0.1687545028508535
LOW FAULT,49_b2,0.3477113644409328,2.720795190406736,0.609864637663313
LOW FAULT,53_b2,0.6703347220738389,3.35944726206082,0.93206263734762
LOW FAULT,5_b2,1.4388711131291665,0.3228190815640724,2.4033345320479422
LOW FAULT,57_b2,0.8793239344041025,3.781678706062576,1.0971035478389684
LOW FAULT,29_b2,0.3359542865016072,0.7653993851067517,0.3553970587463436
LOW FAULT,10_b2,0.9990291868928528,-0.0045321378895026,1.309786749999105
LOW FAULT,8_b2,1.0879167639669154,-0.0218762120924064,1.5884625893317157
LOW FAULT,21_b2,0.4127597443967252,0.1376126889615843,0.4825876458800603
LOW FAULT,48_b2,0.169798969897115,2.454570626536526,0.3455442480250645
LOW FAULT,41_b2,0.1634848011707551,1.883861628180419,0.3808597287860724
LOW FAULT,54_b2,0.5467696926677702,3.34440490160408,0.786418549531975
LOW FAULT,33_b2,-0.0243016940439998,0.8897622647094465,0.0734645479664806
LOW FAULT,4_b2,1.4089714536868003,0.2602333697616548,2.532348803424024
LOW FAULT,35_b2,0.0507152922941562,1.1948214623918367,0.1688838674695559
LOW FAULT,42_b2,0.2875098224353932,2.0366024246064227,0.4712101667438433
LOW FAULT,44_b2,0.3248259517728653,2.309334737882297,0.5039661508669514
LOW FAULT,26_b2,0.3691808226068092,0.4737627304717566,0.3786072602318325
LOW FAULT,30_b2,0.4379410024689119,0.9351211723454776,0.4650322021002029
LOW FAULT,49_b2,0.3561309980640437,2.719611947259016,0.5909927745473036
LOW FAULT,55_b2,0.4794227977256668,3.365132912377038,0.740036387418861
LOW FAULT,59_b2,0.4929735066088237,3.593348215974283,0.7636626243129315
LOW FAULT,21_b3,0.4224109035003789,0.1207831446734012,0.4840041983213895
LOW FAULT,36_b3,0.1656869599716705,1.345945731797197,0.2651060073682689
LOW FAULT,50_b3,0.2939212036011007,2.736732104633908,0.4980261532187432
LOW FAULT,46_b3,0.0179771242329968,2.231423977737969,0.2657733218909466
LOW FAULT,60_b3,0.2717899327334211,3.4191672773107555,0.4865654549383461
LOW FAULT,4_b3,1.4103240492918947,0.2710259061946565,2.518951550263858
LOW FAULT,33_b3,-0.0212968477714073,0.8970113200945994,0.0665252390204779
LOW FAULT,21_b3,0.4190834886713221,0.1352433034765369,0.4970482152983811
LOW FAULT,4_b3,1.4107842466938565,0.2773124384646475,2.516398098317783
LOW FAULT,48_b3,0.1660718212804699,2.4347743244688718,0.3402042612215928
LOW FAULT,43_b3,0.1873323484854056,2.075370297189293,0.3861022909758926
LOW FAULT,57_b3,0.8796712370232495,3.7834757236385967,1.09576364823852
LOW FAULT,24_b3,0.5027356347582925,0.498775150404667,0.623248560192405
LOW FAULT,56_b3,0.7190765818838775,3.574658033393606,0.9082660820489252
LOW FAULT,23_b3,0.5110161693505211,0.381719044708542,0.5850855536403771
LOW FAULT,26_b3,0.3706434722928212,0.4458836256101412,0.3635625186253876
LOW FAULT,4_b3,1.4028422237222842,0.2649187781989555,2.5155054144507933
LOW FAULT,8_b3,1.0906602324502803,-0.0197072014790202,1.5924972620754512
LOW FAULT,4_b3,1.4011892313487613,0.2704285159964839,2.5083143996830044
LOW FAULT,36_b3,0.1669999012999584,1.340868074275384,0.2701370081236167
LOW FAULT,39_b3,0.3799672992089216,1.857373040364362,0.4938188794729911
LOW FAULT,46_b3,0.0082896053382819,2.2486155961207754,0.2653660622244103
LOW FAULT,54_b3,0.5487257767880234,3.3888642834363343,0.7802427313687958
LOW FAULT,37_b3,0.2626021394954989,1.5367025089977349,0.3552946597982646
LOW FAULT,54_b3,0.5450213601024555,3.360768348845368,0.7885505277069103
LOW FAULT,58_b3,0.2179058878541529,3.1971376526455564,0.4195273077191421
LOW FAULT,2_b3,-0.052608678532645,-0.0910131299734767,0.0633612761159545
LOW FAULT,15_b3,0.6526437576904527,-0.0948901496467345,0.7252308576946365
LOW FAULT,57_b3,0.8796105505519143,3.800756300540339,1.0917202758706923
LOW FAULT,40_b3,0.4193519685853872,2.008986335235171,0.574735369811113
LOW FAULT,37_b3,0.2585157445133783,1.5372302581456754,0.3499206897370445
LOW FAULT,30_b3,0.4384663493053951,0.9403118149626876,0.4549115968488347
LOW FAULT,22_b3,0.4833084373052827,0.245242174163252,0.5899987967681789
LOW FAULT,20_b3,0.660313559949467,0.1819793366704816,0.6386606381734677
LOW FAULT,33_b3,-0.0198149508203008,0.8905238810661292,0.0699099921535563
LOW FAULT,11_b3,1.0318948835252677,0.0441112960287994,1.2337014626294582
LOW FAULT,37_b3,0.2602860481233587,1.5263508640864991,0.3524742323448544
LOW FAULT,42_b3,0.2843647536267419,2.031217026085937,0.4859935522019541
LOW FAULT,32_b3,-0.0813284806174583,0.6887811094775305,-0.0738174187603392
LOW FAULT,19_b3,0.5231705839801492,-0.0077758610656407,0.53329842926522
LOW FAULT,9_b3,0.8712203173358816,-0.1308104215795274,1.2590935486117416
LOW FAULT,30_b3,0.4391200208193969,0.9454038968637664,0.4496359182646341
LOW FAULT,9_b3,0.872922372375768,-0.1423934817148604,1.2625753654891774
LOW FAULT,11_b3,1.029673177259811,0.0485431590465607,1.2312961308629498
LOW FAULT,23_b3,0.5055579514738953,0.4047459568575473,0.5856642007018704
LOW FAULT,59_b3,0.4940552392380543,3.61935006811602,0.766617216643099
LOW FAULT,51_b3,0.3788264389561333,2.939840877923509,0.6839487018831025
LOW FAULT,17_b3,0.4651399276588889,-0.1883119460452748,0.4542254293657817
LOW FAULT,52_b3,0.3658797514679755,2.93808982564901,0.5592390052669767
LOW FAULT,53_b3,0.6663589194435167,3.3713257802615417,0.9486890268880392
LOW FAULT,9_b3,0.8638550035267146,-0.1426897114840406,1.2653824517594536
LOW FAULT,52_b3,0.3664620839834278,2.956982285977815,0.5779759604519511
LOW FAULT,51_b3,0.3755823021816544,2.9390046150900284,0.6890593808185407
LOW FAULT,19_b3,0.5320869809563501,-0.00459882828484,0.519754779126551
LOW FAULT,29_b3,0.3408877160393435,0.7768375009982135,0.3555726835209961
LOW FAULT,30_b3,0.445986809181936,0.9424443789303896,0.4577675688603836
LOW FAULT,2_b3,-0.05044316496754,-0.110180128030525,0.0604022062110711
LOW FAULT,13_b3,0.6041920287839525,-0.2010787874973516,0.7486676436510433
LOW FAULT,3_b3,0.8202758947374902,-0.0021994025823602,2.0112922870192658
LOW FAULT,12_b3,0.955374476280114,0.0675701395399482,1.1717544207074757
LOW FAULT,12_b4,0.958604995638584,0.0468200201941555,1.1899602036032904
LOW FAULT,31_b4,0.0450158270192889,0.7374096134492819,0.1054404642967849
LOW FAULT,4_b4,1.41619322115413,0.2752685265655087,2.5210993285868377
LOW FAULT,33_b4,-0.0165551310268748,0.8850863861974637,0.0576568390290124
LOW FAULT,32_b4,-0.0849585888666104,0.6811801588935479,-0.0734618846683024
LOW FAULT,22_b4,0.4760833137265562,0.2431550995623838,0.5940136993913759
LOW FAULT,36_b4,0.1770654423013156,1.3577532521135487,0.2683787694381697
LOW FAULT,5_b4,1.435190328782589,0.2890501558358448,2.40437685093036
LOW FAULT,58_b4,0.2170338545153826,3.21276860033452,0.4264608539010273
LOW FAULT,57_b4,0.8770287705230022,3.777302717376149,1.0937996836129698
LOW FAULT,16_b4,0.5631624762317975,-0.0640750501167205,0.6184203041441853
LOW FAULT,2_b4,-0.0520876580197712,-0.085293002939015,0.0599007199942505
LOW FAULT,15_b4,0.6475494800563564,-0.0737580034419406,0.727655811571232
LOW FAULT,54_b4,0.5511947939585944,3.370773189792013,0.7938061454167351
LOW FAULT,58_b4,0.2171328032225935,3.191412437737829,0.4233132987205645
LOW FAULT,55_b4,0.4760392980829722,3.377047939580513,0.7416721901612267
LOW FAULT,9_b4,0.8748035154267655,-0.1371223959501393,1.2585868012872536
LOW FAULT,24_b4,0.4956327266406704,0.5129569360345436,0.6301282326968753
LOW FAULT,47_b4,0.2349365980139337,2.4436440365856527,0.4154266371486905
LOW FAULT,9_b4,0.8662933592886998,-0.1292462003513866,1.2601991256237977
LOW FAULT,54_b4,0.547087917230425,3.351819232665153,0.7801024667697415
LOW FAULT,13_b4,0.5995626817926665,-0.2221779713798833,0.7578576059854407
LOW FAULT,35_b4,0.0440987715463592,1.1838672340864165,0.1726761079600772
LOW FAULT,25_b4,0.590467718535016,0.7446218707588144,0.7242739791283205
LOW FAULT,13_b4,0.5967697989459025,-0.205728498582778,0.7588960222973031
LOW FAULT,18_b4,0.5294376621374027,-0.0440244030280526,0.5505070033255149
LOW FAULT,39_b4,0.3777826750872295,1.8430963490033616,0.4791203032356776
LOW FAULT,5_b4,1.440967565880755,0.3142147509738983,2.40751521954086
LOW FAULT,47_b4,0.2318540545629139,2.4524389439294096,0.4163949817015285
LOW FAULT,31_b4,0.0499800701794251,0.720549275494877,0.1056274638377515
LOW FAULT,57_b4,0.8766141334882368,3.7664247009990888,1.0974310798808895
LOW FAULT,15_b4,0.6520586441110857,-0.0788449190677319,0.7213714576788948
LOW FAULT,43_b4,0.1885620133760089,2.0307983430710115,0.3876881695231368
LOW FAULT,37_b4,0.2611294807276813,1.5292140438678037,0.3458847917482801
LOW FAULT,32_b4,-0.0826264043748568,0.6878553875461306,-0.070993574136787
LOW FAULT,23_b4,0.5158418980728661,0.3866974718939773,0.5886601639247667
LOW FAULT,37_b4,0.2568682475767376,1.55356871036675,0.3465930478265395
LOW FAULT,58_b4,0.2257159125552751,3.194211225638836,0.4209480945416661
LOW FAULT,16_b4,0.5586604776795747,-0.0694884707988783,0.608024894685395
LOW FAULT,18_b4,0.5276295093791602,-0.0445377254949356,0.5509860705583969
LOW FAULT,7_b4,0.9028922566825476,-0.240451367013858,1.4825608220303352
LOW FAULT,45_b4,0.2057546585008348,2.2894098367726685,0.4206414822608294
LOW FAULT,43_b4,0.193279004715231,2.0416748084302263,0.3869571659383429
LOW FAULT,12_b4,0.9591541502177002,0.0808233228102179,1.1856303623130549
LOW FAULT,41_b4,0.1580682790825914,1.869564205734248,0.379495959183341
LOW FAULT,9_b4,0.8702389014024983,-0.1452552692189513,1.2616040153363834
LOW FAULT,50_b4,0.2901916325561651,2.732201081618903,0.4974921008357675
LOW FAULT,14_b4,0.6180913850608085,-0.1281201232476196,0.7336164058298684
LOW FAULT,60_b4,0.2688930144850823,3.406609219370231,0.4746505376752492
LOW FAULT,12_b4,0.9628723468708488,0.0670450597966457,1.1864662763199512
LOW FAULT,43_b4,0.1874588215238618,2.034618784887325,0.3770483735455566
LOW FAULT,55_b4,0.4758256105773819,3.3643119308974594,0.7405342968195211
LOW FAULT,17_b4,0.4608536625613951,-0.2258115247682019,0.451856213954604
LOW FAULT,53_b4,0.6674452105013846,3.380159097019336,0.936368023404889
LOW FAULT,58_b4,0.2117249514650528,3.193309566369644,0.4171166390236289
LOW FAULT,25_b4,0.5924525997930449,0.752784613422766,0.7296852367622086
LOW FAULT,48_b4,0.1767775642062078,2.4313301658462243,0.3615007343197118
LOW FAULT,49_b4,0.3488421760227698,2.7180835315071183,0.5978935922095678
LOW FAULT,42_b4,0.2904308278678461,2.0243626522367197,0.4875708043523918
LOW FAULT,32_b4,-0.0862801789060836,0.6914620530812112,-0.0568342762622506
LOW FAULT,6_b5,0.987787001732239,-0.1180915074901969,1.7399914575218196
LOW FAULT,41_b5,0.158782393514733,1.88632781481797,0.3747703745958655
LOW FAULT,53_b5,0.6712862035223126,3.3872375418931404,0.935935514480548
LOW FAULT,59_b5,0.490272571548018,3.590157323572502,0.7593228088483213
LOW FAULT,20_b5,0.6591968567776593,0.227524278806301,0.6489757934761182
LOW FAULT,19_b5,0.5225457752735863,-0.0161585897395415,0.525984876685334
LOW FAULT,12_b5,0.9629874770446932,0.0829928819894535,1.172900879767316
LOW FAULT,30_b5,0.4386734031094982,0.9211641496292116,0.4633522493238337
LOW FAULT,28_b5,0.293646014632091,0.6065555799856004,0.3336434251184624
LOW FAULT,17_b5,0.4598415144131111,-0.1982352747197261,0.4407537049959165
LOW FAULT,44_b5,0.3310869741693888,2.262052721313375,0.5149948105044492
LOW FAULT,3_b5,0.8200543151260655,0.0065905011394111,2.016798819195466
LOW FAULT,9_b5,0.8661476320255233,-0.1560910388298112,1.2575456055947674
LOW FAULT,33_b5,-0.0165538078894511,0.8832229508617739,0.0558604496952887
LOW FAULT,32_b5,-0.078967614513863,0.6394523219299858,-0.0670554157590607
LOW FAULT,56_b5,0.7196016343292954,3.562782694425325,0.9126616069899496
LOW FAULT,23_b5,0.5065553620141154,0.4070901920096558,0.5909975665555521
LOW FAULT,35_b5,0.0490886050614935,1.179020294506955,0.1759482276677304
LOW FAULT,60_b5,0.2758581251957778,3.4232048118945584,0.48059598883976
LOW FAULT,16_b5,0.5587204343691239,-0.0866771135910705,0.6202263109157288
LOW FAULT,31_b5,0.0470117834772611,0.7289934318800284,0.1092828730221138
LOW FAULT,35_b5,0.0487451282168111,1.1922570284530214,0.1737252936065336
LOW FAULT,3_b5,0.8193853037542081,0.0079723279851272,2.016761650947004
LOW FAULT,51_b5,0.3799853230944452,2.963392081508158,0.6758618530180835
LOW FAULT,23_b5,0.5116991676285612,0.3558848845507207,0.5860673653014559
LOW FAULT,24_b5,0.493773537662275,0.4934772563687577,0.6262411450305251
LOW FAULT,9_b5,0.8735555407349901,-0.1665362305694823,1.2637442008428097
LOW FAULT,57_b5,0.8779666057046718,3.788642359705791,1.095063562209016
LOW FAULT,55_b5,0.4824482575743822,3.359709631772733,0.7384840370271822
LOW FAULT,49_b5,0.348826247229559,2.734570376595906,0.6065382949929182
LOW FAULT,3_b5,0.8216897567116372,0.0119335542004225,2.0223119229398763
LOW FAULT,44_b5,0.3288265228176393,2.310832318278646,0.5080950534001467
LOW FAULT,44_b5,0.3335972327210212,2.345541687047763,0.5135287483453899
LOW FAULT,53_b5,0.6655620943766265,3.376176749510124,0.940147549700354
LOW FAULT,41_b5,0.1623278212807573,1.8703087779945489,0.379241096754852
LOW FAULT,9_b5,0.8675801370824846,-0.1677649330220581,1.2624280989472612
LOW FAULT,13_b5,0.5998580772684123,-0.2313043138970981,0.75601943417908
LOW FAULT,2_b5,-0.054921584550701,-0.1144806616882805,0.061355656941082
LOW FAULT,29_b5,0.3451617988111739,0.7902346566866887,0.3473393413955257
LOW FAULT,2_b5,-0.0528506245586083,-0.0930069788071055,0.0586948951849664
LOW FAULT,57_b5,0.8815264119462752,3.7599666153257343,1.0920035559015826
LOW FAULT,17_b5,0.4600259012575249,-0.2152475235779269,0.4461182295024121
LOW FAULT,29_b5,0.3378520621225381,0.7745932692961504,0.3505326656217559
LOW FAULT,60_b5,0.2697463598575507,3.424820857096918,0.47540098894451
LOW FAULT,24_b5,0.4985824834654585,0.5150754124196623,0.6253583695256357
LOW FAULT,54_b5,0.5474272808471562,3.353646356819445,0.7731842813127293
LOW FAULT,17_b5,0.4623838497532041,-0.2049561649582608,0.4546575125047795
LOW FAULT,18_b5,0.5291699849458917,-0.0458929943528702,0.550918299120355
LOW FAULT,6_b5,0.993148229590931,-0.1231842431614366,1.7467594244679596
LOW FAULT,33_b5,-0.0168420153224467,0.905162066684074,0.0602494331143338
LOW FAULT,17_b5,0.4562823671329784,-0.2154503631997313,0.4571742836103353
LOW FAULT,23_b5,0.5109990020004366,0.3742166755711588,0.5910508060526513
LOW FAULT,56_b5,0.7218574527164583,3.559722802825608,0.9181253691669746
LOW FAULT,31_b5,0.0498125723256203,0.7258571586134389,0.1113521141945306
LOW FAULT,57_b5,0.8820762553017104,3.79001064973312,1.084967828542657
LOW FAULT,13_b5,0.5980811547545821,-0.1771110085818913,0.748668532954198
LOW FAULT,17_b5,0.460251131029634,-0.2107668916295752,0.4444467363733707
LOW FAULT,59_b5,0.4894582660836484,3.597557369214869,0.760046926688098
LOW FAULT,23_b5,0.5087803018812518,0.3954114338185807,0.5936748702577376
LOW FAULT,39_b5,0.3819238296313314,1.857090922791317,0.4916082605955841
HEALTHY,39_b1,-2.964350476828121,8.263172898765637,3.521854563887974
HEALTHY,52_b1,-2.832841029068633,10.223324039004726,4.194391494821589
HEALTHY,29_b1,-3.100334761301603,5.961406185126885,3.100325975416102
HEALTHY,15_b1,-2.881800091117519,1.6551418272120109,2.220707409029485
HEALTHY,43_b1,-3.000715684535436,9.075068311176723,3.640168701825012
HEALTHY,8_b1,-2.5228687619974126,-0.0399297280328192,1.7047622908769473
HEALTHY,21_b1,-3.245281208731327,3.309622884179153,2.4205683475348465
HEALTHY,39_b1,-2.952973959559252,8.154052074774913,3.5171533780880355
HEALTHY,58_b1,-2.4787960555959843,10.697246958499536,4.629369452755259
HEALTHY,19_b1,-3.278407416472645,2.71873442207792,2.172247650829584
HEALTHY,23_b1,-2.9474012815814152,4.3902879414620015,2.859885750436897
HEALTHY,11_b1,-2.700821629324653,0.3902208082893522,1.783812400450404
HEALTHY,11_b1,-2.70124091909477,0.3240977597295768,1.7695006261014372
HEALTHY,24_b1,-3.0210282703902376,4.600948891552446,2.9222019298342943
HEALTHY,53_b1,-2.499996156783803,10.404259153266244,4.438567230719257
HEALTHY,36_b1,-2.6903235567743136,8.020844905847545,3.7991723548145337
HEALTHY,40_b1,-2.969185664602249,8.471518415303327,3.625010716174139
HEALTHY,24_b1,-3.024117519460912,4.61554595538221,2.9122406839677004
HEALTHY,3_b1,-0.0046056350803741,-0.1819942665772627,1.7317803241881295
HEALTHY,22_b1,-3.156577169980093,3.763951217916024,2.6570044038491583
HEALTHY,53_b1,-2.5028901498602787,10.397381429527131,4.450866282155211
HEALTHY,2_b1,-0.1250236199955557,-0.1266521911960857,1.454503697680024
HEALTHY,24_b1,-3.021880724171663,4.522181155776471,2.9181751540815437
HEALTHY,44_b1,-2.835838167923733,9.40306015792996,3.8068238348050953
HEALTHY,30_b1,-3.174339366495989,6.288314783723963,3.137495753398534
HEALTHY,38_b1,-2.882633051323669,8.132282800417624,3.566488845403496
HEALTHY,2_b1,-0.1432002979674387,-0.1721931310641808,1.4403394470741333
HEALTHY,60_b1,-2.5025607825692866,10.61109219764422,4.574585889389717
HEALTHY,21_b1,-3.2510222465253142,3.228807283350369,2.421509621726277
HEALTHY,33_b1,-2.945362951685407,7.18851310284924,3.374303441576957
HEALTHY,12_b1,-2.6791270661124584,0.7108369265575197,1.9667835161934804
HEALTHY,58_b1,-2.482105345917028,10.6534919057261,4.616319738064861
HEALTHY,22_b1,-3.157344716274222,3.70323051250848,2.6520976693970666
HEALTHY,44_b1,-2.850046520542712,9.377575816898933,3.8053007145840017
HEALTHY,25_b1,-3.0869546849789966,4.844735025866323,3.004782666636027
HEALTHY,49_b1,-2.687762551839695,9.9562276101499,4.0856948695729045
HEALTHY,27_b1,-3.3254950956480807,5.264462088483265,2.947806978644753
HEALTHY,59_b1,-2.4510272115005023,10.726037257720366,4.561912897988922
HEALTHY,42_b1,-2.930781990438819,8.884629380815964,3.671685918075576
HEALTHY,28_b1,-3.2766723466905603,5.609948791283831,2.893145177144034
HEALTHY,60_b1,-2.5065514915524645,10.670574985186136,4.581131197996591
HEALTHY,16_b1,-2.962798504200304,1.836542730043997,2.247101516532011
HEALTHY,15_b1,-2.88380474133861,1.6465843534684643,2.214063901988023
HEALTHY,47_b1,-2.6165448227135504,9.925664614136132,4.166968330593044
HEALTHY,51_b1,-2.6849614654892395,10.194040673731546,4.272419343992641
HEALTHY,44_b1,-2.8538764713577573,9.39782079375164,3.785683695871145
HEALTHY,55_b1,-2.5418134025450403,10.542033816031967,4.649787835181413
HEALTHY,52_b1,-2.821847707947576,10.233541746133945,4.18048792879604
HEALTHY,57_b1,-2.6296858036798128,10.60587765973837,4.747845147272196
HEALTHY,3_b1,-0.0024876994068258,-0.1703021722632537,1.731427940090906
HEALTHY,37_b1,-2.9526162129612827,7.8700592084728465,3.4635963313041342
HEALTHY,51_b1,-2.700387248626866,10.241069395115565,4.301361382940243
HEALTHY,7_b1,-2.318896780009973,-0.0097633316196356,1.866618771265747
HEALTHY,21_b1,-3.2510337186184377,3.30269037808883,2.394520548471412
HEALTHY,9_b1,-2.9062108568004184,-0.336665334902351,1.308703220332999
HEALTHY,39_b1,-2.9478387823144243,8.178207579517233,3.5176629266119988
HEALTHY,18_b1,-3.150621479805962,2.417863295704024,2.265539410837092
HEALTHY,4_b1,-0.4672717398469488,-0.1614050905444806,1.5922873619239375
HEALTHY,25_b1,-3.0999282169464086,4.864870733786748,2.983989653795573
HEALTHY,60_b1,-2.5086717641304364,10.587805973478115,4.570726694996401
HEALTHY,5_b2,-1.555975233061963,-0.0643822377826751,1.7126274570376856
HEALTHY,1_b2,0.0108013628439072,0.0642483728487102,0.0054067139832443
HEALTHY,50_b2,-2.694599671704232,10.08956861036121,4.095684018532133
HEALTHY,22_b2,-3.1594667098832647,3.8152543661928977,2.647920638829982
HEALTHY,59_b2,-2.4403027812696947,10.666347666747274,4.579653449886314
HEALTHY,17_b2,-3.1683297408733253,2.099686583768821,2.147155876806746
HEALTHY,52_b2,-2.8362442888812187,10.263121318375246,4.1913683225694776
HEALTHY,18_b2,-3.132897789269291,2.409952525268747,2.236535848787722
HEALTHY,60_b2,-2.514697285664494,10.674208731060132,4.58129226184441
HEALTHY,28_b2,-3.298237579235596,5.56221505411499,2.9324383236488054
HEALTHY,3_b2,0.0125135464031527,-0.0988084535885532,1.73889588725867
HEALTHY,47_b2,-2.61310210168499,9.875598091243708,4.136479858046889
HEALTHY,31_b2,-3.208665997462003,6.346003669061881,3.0703725678645486
HEALTHY,24_b2,-3.0311183856634094,4.565119902374441,2.908079875042347
HEALTHY,1_b2,-0.0122811218080101,0.0290681713136534,-0.0214932602537675
HEALTHY,36_b2,-2.68038641802152,8.108328531545684,3.8057636937496473
HEALTHY,51_b2,-2.694697758522231,10.185067534957986,4.288423550110387
HEALTHY,60_b2,-2.492739610863045,10.665996425077749,4.577727256661782
HEALTHY,12_b2,-2.6780275876026467,0.7299568805885362,1.953256402961817
HEALTHY,26_b2,-2.774228674079616,5.318455953631631,3.2828622568699246
HEALTHY,2_b2,-0.1127740129136994,-0.1384998975225376,1.4577143499994123
HEALTHY,48_b2,-2.747102986613797,9.852524198078362,4.058448879249918
HEALTHY,35_b2,-2.6937871917671647,7.780022187646518,3.7019790409819033
HEALTHY,12_b2,-2.65583095200158,0.7096654592144633,1.9944754357300225
HEALTHY,3_b2,0.0127250484603514,-0.0800726057736015,1.7434496197649665
HEALTHY,36_b2,-2.670525391930799,8.026309325120662,3.774215617624415
HEALTHY,54_b2,-2.503841801054917,10.400217984073596,4.429450537997869
HEALTHY,5_b2,-1.5624328760207429,-0.1166062834952281,1.7196194616488742
HEALTHY,37_b2,-2.9535874560057462,7.847468617514171,3.4641921582345105
HEALTHY,49_b2,-2.6822178397371674,9.97801476540753,4.079715610058875
HEALTHY,54_b2,-2.490066251438437,10.497815591502134,4.441899976003167
HEALTHY,13_b2,-2.9462006751007626,0.7264253140855335,1.8166539636909915
HEALTHY,25_b2,-3.085441377526176,4.869526222682343,3.0030578768104994
HEALTHY,48_b2,-2.7281035733029952,9.876616125175929,4.05248922455933
HEALTHY,33_b2,-2.9613649214095976,7.068176215615124,3.395233309574085
HEALTHY,11_b2,-2.7130597540968693,0.4413250450138918,1.7919406831594096
HEALTHY,49_b2,-2.676962907802522,9.96521454786872,4.089602091747491
HEALTHY,10_b2,-2.9310169635697862,-0.1535084947575908,1.411760100855287
HEALTHY,35_b2,-2.70962388715782,7.8012137971959294,3.692419286076035
HEALTHY,49_b2,-2.674136018969143,10.101786435872498,4.088370412553815
HEALTHY,53_b2,-2.525858599434321,10.41215080746772,4.425195790859682
HEALTHY,5_b2,-1.560083894447056,-0.0706800660157642,1.7267100659085344
HEALTHY,57_b2,-2.6219881078429434,10.575106432657163,4.742414595336985
HEALTHY,29_b2,-3.083893250579243,5.989354785026974,3.082147053728836
HEALTHY,10_b2,-2.9406860096009506,-0.1486477533636831,1.4418010832441213
HEALTHY,8_b2,-2.506062344309306,0.0196149619211284,1.707042636766669
HEALTHY,21_b2,-3.242491656251613,3.289799479988876,2.4209644498529586
HEALTHY,48_b2,-2.726838715412259,9.875689411295784,4.058115872669117
HEALTHY,41_b2,-2.9596978586864564,8.622286169298865,3.602243105819423
HEALTHY,54_b2,-2.504669926287327,10.446887187695442,4.455085029843376
HEALTHY,33_b2,-2.962326001146965,7.134754929841467,3.4078567374427333
HEALTHY,4_b2,-0.4691706608100404,-0.1924552813436608,1.5690119497384307
HEALTHY,35_b2,-2.6959790945618125,7.820872399667924,3.7003094845180975
HEALTHY,42_b2,-2.925278282894768,8.948228558248454,3.675167026769537
HEALTHY,44_b2,-2.857676432154922,9.329842793638935,3.791472409404905
HEALTHY,26_b2,-2.794421538914279,5.403577371115421,3.28897212857469
HEALTHY,30_b2,-3.1753007358863226,6.258656612777601,3.126631053344448
HEALTHY,49_b2,-2.6802797243702865,10.155618884201749,4.071808522078879
HEALTHY,55_b2,-2.5285620284681927,10.44298694565884,4.640746394118895
HEALTHY,59_b2,-2.4477841288684115,10.648609949480605,4.553116320381309
HEALTHY,21_b3,-3.252940135484061,3.246715155132837,2.414501267370791
HEALTHY,36_b3,-2.6929956705945712,8.128999695530242,3.7977678251576874
HEALTHY,50_b3,-2.692239283261441,10.11497108676248,4.081319211041863
HEALTHY,46_b3,-2.634446251305853,9.83974397057611,4.133355049759466
HEALTHY,60_b3,-2.5029388946697435,10.70078701140478,4.576013401995508
HEALTHY,4_b3,-0.4645728819273799,-0.1550363427692068,1.608720117874838
HEALTHY,33_b3,-2.956406008980924,7.266998468079551,3.372651161878389
HEALTHY,21_b3,-3.247265642735962,3.2432911197893763,2.403540594419938
HEALTHY,4_b3,-0.4749447145078586,-0.1470976570467623,1.6027350018308983
HEALTHY,48_b3,-2.738230183689692,9.907031628596284,4.0436038326355455
HEALTHY,43_b3,-2.991164457603365,9.180748609732175,3.631286501666888
HEALTHY,57_b3,-2.6234528586942982,10.549627454067071,4.776360423595369
HEALTHY,24_b3,-3.0136066429871446,4.583710273116276,2.924791308084317
HEALTHY,56_b3,-2.60723720154291,10.488271887318469,4.609691284702716
HEALTHY,23_b3,-2.957255651182056,4.2595201501683535,2.8580587759170983
HEALTHY,26_b3,-2.7950267881658544,5.388083896046643,3.2964515658690803
HEALTHY,4_b3,-0.4821646288725784,-0.1927464577524491,1.596441411181813
HEALTHY,8_b3,-2.5223828653395235,0.0427506664961583,1.6911013352766588
HEALTHY,4_b3,-0.4663150779760924,-0.1414545310584307,1.5881521951408546
HEALTHY,36_b3,-2.696124890241498,8.069335566573395,3.792993033404068
HEALTHY,39_b3,-2.9556765071720768,8.130842953384922,3.5084558463619544
HEALTHY,46_b3,-2.6206956411158804,9.812946920940714,4.121747209491834
HEALTHY,54_b3,-2.5028823787132297,10.484441795210625,4.458488171936676
HEALTHY,37_b3,-2.9625335676743645,7.965012860693037,3.456004090836885
HEALTHY,54_b3,-2.502988677724417,10.440036931442204,4.464939139345215
HEALTHY,58_b3,-2.485800330188784,10.706161471007976,4.635098866496985
HEALTHY,2_b3,-0.1079557680008644,-0.0960902754728382,1.4471468319144012
HEALTHY,15_b3,-2.8731489283998006,1.608744366919196,2.22094243100983
HEALTHY,57_b3,-2.627355121719824,10.60939057089539,4.747944400635033
HEALTHY,40_b3,-2.953954037537714,8.404083265153865,3.630039403008447
HEALTHY,37_b3,-2.9559436964987493,7.884191794601119,3.455303493299137
HEALTHY,30_b3,-3.1954003915907414,6.265836836486944,3.144493338426425
HEALTHY,22_b3,-3.1681398433179733,3.722344664764517,2.6505755109238254
HEALTHY,20_b3,-3.296375950018345,2.901062844355366,2.2111942171340546
HEALTHY,33_b3,-2.962223639092055,7.187695315852902,3.388699104529564
HEALTHY,11_b3,-2.703667574240576,0.3358953835239469,1.789013236089858
HEALTHY,37_b3,-2.949909218456015,7.8137273966229985,3.459337013163464
HEALTHY,42_b3,-2.9357554268125363,8.873059189251467,3.669194045305366
HEALTHY,32_b3,-3.1398263983151278,6.75567035145016,3.2084512799927563
HEALTHY,19_b3,-3.295629390917717,2.5939847129112272,2.184659874279681
HEALTHY,9_b3,-2.9186729685977544,-0.2247931217625433,1.311274758130592
HEALTHY,30_b3,-3.185787801221829,6.27334792793599,3.1485478665739826
HEALTHY,9_b3,-2.936905177262002,-0.3285977755870354,1.327697869156112
HEALTHY,11_b3,-2.7119379600441462,0.4358719065026679,1.7584056532356491
HEALTHY,23_b3,-2.9493232694945424,4.29978455876733,2.856519736537152
HEALTHY,59_b3,-2.435285008864713,10.667806500963978,4.554841858882136
HEALTHY,51_b3,-2.688721479672584,10.272579640214152,4.281615284943559
HEALTHY,17_b3,-3.170467296680188,2.059234210820577,2.115650618993904
HEALTHY,52_b3,-2.8272438428918965,10.170281781746382,4.18735430136654
HEALTHY,53_b3,-2.512687430424696,10.419045981011864,4.437316074778554
HEALTHY,9_b3,-2.9255544630042576,-0.1980452419202793,1.3223689237822494
HEALTHY,52_b3,-2.8323825451719995,10.30274279561349,4.21809397203059
HEALTHY,51_b3,-2.695654446796011,10.263463187365245,4.28760729638905
HEALTHY,19_b3,-3.291711652061235,2.580025345955128,2.191264767893488
HEALTHY,29_b3,-3.098475137127403,5.912284291736882,3.0793416784830097
HEALTHY,30_b3,-3.1883195318402677,6.262699307655232,3.142200810369341
HEALTHY,2_b3,-0.1338843279789074,-0.2095436989319337,1.437949581594028
HEALTHY,13_b3,-2.9467799016548413,0.7968415438710102,1.811715030250272
HEALTHY,3_b3,-0.0065152914063209,-0.1585828488167995,1.7206862076307528
HEALTHY,12_b3,-2.688444875982785,0.7396662639199723,1.972229691838024
HEALTHY,12_b4,-2.6738037177131844,0.6913875479362994,1.962619963318587
HEALTHY,31_b4,-3.2122840134083126,6.416303127642085,3.073364921363221
HEALTHY,4_b4,-0.4675690311779789,-0.1355028225925134,1.5951530987119993
HEALTHY,33_b4,-2.961877488794052,7.093881787469763,3.4037188262708558
HEALTHY,32_b4,-3.126347379680237,6.787039340290676,3.1934377446649687
HEALTHY,22_b4,-3.161907025989457,3.7653684931598166,2.6522325503026365
HEALTHY,36_b4,-2.681289868983589,8.092136869980806,3.7932052066990254
HEALTHY,5_b4,-1.5688550533504722,-0.0390578922948773,1.7225766896361632
HEALTHY,58_b4,-2.493524882603313,10.644471756184911,4.624197954068876
HEALTHY,57_b4,-2.62913134705999,10.628658573533476,4.7467535642474
HEALTHY,16_b4,-2.966164209129348,1.9264062817980276,2.234445491681422
HEALTHY,2_b4,-0.1291802960458863,-0.126565038968298,1.4423356291315828
HEALTHY,15_b4,-2.881692316588095,1.509312731900085,2.233240383999368
HEALTHY,54_b4,-2.5084409712529223,10.419566285536671,4.442101528089284
HEALTHY,58_b4,-2.484334171209329,10.756384031736172,4.6165226450245855
HEALTHY,55_b4,-2.551826581123324,10.510406515353846,4.666236070588578
HEALTHY,9_b4,-2.927237334906056,-0.2737135256781835,1.316080802719631
HEALTHY,24_b4,-3.0217144824685165,4.547522000983192,2.8940206884639963
HEALTHY,47_b4,-2.61415248505403,9.775139482063077,4.164988214506671
HEALTHY,9_b4,-2.924761349640516,-0.3009238286910471,1.3330473587142828
HEALTHY,54_b4,-2.500543948612966,10.35881145894052,4.448959909789504
HEALTHY,13_b4,-2.9513817131529634,0.7859926821459143,1.8149207654409167
HEALTHY,35_b4,-2.690911457289223,7.821828444875567,3.698000235579295
HEALTHY,25_b4,-3.0978150310382,4.916447354533632,3.0204897630758327
HEALTHY,13_b4,-2.956587974671227,0.7324866750851071,1.814402569785443
HEALTHY,18_b4,-3.135312575278158,2.453498884947296,2.2621699680677567
HEALTHY,39_b4,-2.941405790040862,8.19983309509742,3.5204318811933737
HEALTHY,5_b4,-1.548875154129885,-0.0599949269109658,1.7326130119109335
HEALTHY,47_b4,-2.622257865645062,9.85915547371378,4.137612294360685
HEALTHY,31_b4,-3.210822417963244,6.449242519643756,3.062290519460191
HEALTHY,57_b4,-2.6225481530547285,10.585607684166767,4.741260437622886
HEALTHY,15_b4,-2.895430057974428,1.5823712466570714,2.215615033581372
HEALTHY,43_b4,-3.004117288703362,9.149049997809565,3.639047783533293
HEALTHY,37_b4,-2.952043296122089,7.888985607590876,3.4515292071082126
HEALTHY,32_b4,-3.129741482308889,6.7594221130051135,3.205135172324717
HEALTHY,23_b4,-2.9533888175476006,4.277304495085783,2.873100188923872
HEALTHY,37_b4,-2.9687406440683284,7.856322078212234,3.4538515522115385
HEALTHY,58_b4,-2.5014039921119102,10.663752497761356,4.621879731743064
HEALTHY,16_b4,-2.9540568707923245,1.9252425914651528,2.247107594188841
HEALTHY,18_b4,-3.1443658312694143,2.4810208114624497,2.2511649124412885
HEALTHY,7_b4,-2.3206844382564618,0.0332146848155608,1.855095429138052
HEALTHY,45_b4,-2.803746563698712,9.475132525403096,4.024566662799927
HEALTHY,43_b4,-2.996884198048002,9.161311945917172,3.649412613291137
HEALTHY,12_b4,-2.6648833715397635,0.7367427867475239,1.9784263753491471
HEALTHY,41_b4,-2.976382504551014,8.611100286376868,3.574399099172453
HEALTHY,9_b4,-2.9281905970404907,-0.1977544408071426,1.304387499349038
HEALTHY,50_b4,-2.70621797127468,10.038960564069018,4.081324608455371
HEALTHY,14_b4,-2.969187836976047,1.116429094331534,1.9244826227433989
HEALTHY,60_b4,-2.5014526276375197,10.635563087836376,4.560674834701329
HEALTHY,12_b4,-2.6646994256520515,0.7086914823075606,1.9728227728053933
HEALTHY,43_b4,-2.9972664850596784,9.045597512550964,3.644073662152809
HEALTHY,55_b4,-2.545963990056757,10.53509577971448,4.645289736755152
HEALTHY,17_b4,-3.164220276559969,2.0603389053955574,2.1169264274697133
HEALTHY,53_b4,-2.5042020841628263,10.3943214544039,4.445965413210118
HEALTHY,58_b4,-2.4867097263278133,10.68870447951176,4.616732779634003
HEALTHY,25_b4,-3.089069536778722,4.7721918542036885,2.995061583079192
HEALTHY,48_b4,-2.7306553942680627,9.84019979842616,4.069995242389839
HEALTHY,49_b4,-2.676400485164338,10.000371354276178,4.097492656220383
HEALTHY,42_b4,-2.9240630715986318,8.85754497264252,3.656261549673456
HEALTHY,32_b4,-3.130917067273683,6.749726735312892,3.171270421116063
HEALTHY,6_b5,-2.149356814031413,0.0693038831337981,1.8174563190407236
HEALTHY,41_b5,-2.9541692958665577,8.610426101060483,3.594281860913291
HEALTHY,53_b5,-2.5069840944916093,10.408213424730096,4.44342063932093
HEALTHY,59_b5,-2.4356372480683794,10.730024888836722,4.557114511558911
HEALTHY,20_b5,-3.302765605559886,2.8960578065572675,2.230981533377338
HEALTHY,19_b5,-3.299677949081544,2.6518768935817825,2.180677462082889
HEALTHY,12_b5,-2.6716713160010546,0.65080699724808,1.97414135844834
HEALTHY,30_b5,-3.1609121278688432,6.213314451694076,3.1392648425038274
HEALTHY,28_b5,-3.279484465744632,5.567527311106519,2.913698069083272
HEALTHY,17_b5,-3.170194357386844,2.0424844734207057,2.157429609331844
HEALTHY,44_b5,-2.8722649354217182,9.38497786485016,3.797950436082016
HEALTHY,3_b5,0.00270224238009,-0.2318562881774065,1.7399231489022564
HEALTHY,9_b5,-2.9108546836822504,-0.2694607041214551,1.3075614844516714
HEALTHY,33_b5,-2.9613812455170363,7.178809113270398,3.3801079111072005
HEALTHY,32_b5,-3.1284314387411487,6.832219782944535,3.2072276321135984
HEALTHY,56_b5,-2.6289524786434946,10.510790713261086,4.647051896452243
HEALTHY,23_b5,-2.9636104257543656,4.3423404830765335,2.8631133395500874
HEALTHY,35_b5,-2.711425712489402,7.718505214755121,3.6884072072065752
HEALTHY,60_b5,-2.511483293606047,10.638506870480452,4.566500321119444
HEALTHY,16_b5,-2.945503474092348,1.9313525032556904,2.246420497204365
HEALTHY,31_b5,-3.2119736274272506,6.413717206829592,3.076107507078132
HEALTHY,35_b5,-2.697841648244472,7.804767055873338,3.713837717859584
HEALTHY,3_b5,0.0027624487059569,-0.0952197642749085,1.7123579473781083
HEALTHY,51_b5,-2.673223392884616,10.181776838620594,4.286992462726913
HEALTHY,23_b5,-2.9626315083406123,4.253451634164268,2.850118513946265
HEALTHY,24_b5,-3.030246104112895,4.628208667238151,2.90998342887586
HEALTHY,9_b5,-2.917821783438278,-0.2977327495003596,1.309378683667533
HEALTHY,57_b5,-2.637077366258419,10.552672658086491,4.761311537675461
HEALTHY,55_b5,-2.5246401925741155,10.480713392974083,4.637917466555925
HEALTHY,49_b5,-2.674148939903675,10.026896591637744,4.087651266107964
HEALTHY,3_b5,-4.378874023679375e-05,-0.1167679969260232,1.7334278986290022
HEALTHY,44_b5,-2.866736076490162,9.406827411104471,3.796027764416026
HEALTHY,44_b5,-2.85975738273481,9.360677140575854,3.8056820994215728
HEALTHY,53_b5,-2.5200686466918443,10.380990886433109,4.441861185675887
HEALTHY,41_b5,-2.95729793660534,8.58215326643634,3.591394888614295
HEALTHY,9_b5,-2.9280315406280715,-0.3138727036904063,1.3146108257350235
HEALTHY,13_b5,-2.9567505541805867,0.7269433641424992,1.813877357555837
HEALTHY,2_b5,-0.1258915724080629,-0.0665229081116889,1.4445513308158189
HEALTHY,29_b5,-3.103533888529516,6.034253953867991,3.1102527961702457
HEALTHY,2_b5,-0.1211050423755377,-0.1652437113477223,1.4517906439860622
HEALTHY,57_b5,-2.642842416349162,10.559422756514383,4.759100814333383
HEALTHY,17_b5,-3.1541982942422955,2.03136927383709,2.1327903436312106
HEALTHY,29_b5,-3.092391573455662,5.968906299032354,3.092597313079402
HEALTHY,60_b5,-2.5107014935210343,10.641825545960286,4.576571858026487
HEALTHY,24_b5,-3.018790809666528,4.522613032155733,2.929558576365398
HEALTHY,54_b5,-2.481920909219442,10.411155347580936,4.459244089422623
HEALTHY,17_b5,-3.1734495715379945,2.0477541438301765,2.146535871263041
HEALTHY,18_b5,-3.1420430201128364,2.447549708161064,2.2594562926186623
HEALTHY,6_b5,-2.1468396589100984,0.0388686163648739,1.8085673157315376
HEALTHY,33_b5,-2.9591584680401755,7.13682179492319,3.3776673931554733
HEALTHY,17_b5,-3.166309256769707,2.1156257875353943,2.1526872100854435
HEALTHY,23_b5,-2.941965904690314,4.351281631634586,2.861384431999013
HEALTHY,56_b5,-2.598977104011804,10.548629172410172,4.630856087475308
HEALTHY,31_b5,-3.2006402416103192,6.466182167435626,3.05502828954261
HEALTHY,57_b5,-2.636710618459963,10.522338918792991,4.737013494929117
HEALTHY,13_b5,-2.950894029763552,0.785422612243802,1.8188426875690773
HEALTHY,17_b5,-3.1774091898129804,2.07326672842212,2.171871559207242
HEALTHY,59_b5,-2.440713349818825,10.743481357329898,4.566081815411862
HEALTHY,23_b5,-2.962562535776429,4.348260952025467,2.854693817380991
HEALTHY,39_b5,-2.94104261613338,8.213148791659801,3.5184101320710086
