algoritmo,run,t,corriente_real,rpm_real,torque_real,corriente_estimado,rpm_estimado,torque_estimado
target,0,0.0,0.0,0.0,0.0,0.9850330191461375,27.47631703149435,0.22910717882909062
target,0,0.004008016032064128,25.886777948654508,1.2035285754355969,2.752011770763741,26.110222600958654,-1.2547207967097775,3.1197921667642228
target,0,0.008016032064128256,27.91960854783483,18.895642256530152,16.76494899774638,28.466128175577413,97.60225592662522,16.590916888282578
target,0,0.012024048096192383,24.635675804823872,58.51006130911871,20.604546599124266,25.88697302320807,41.69573592957953,20.64769830110507
target,0,0.01603206412825651,24.063810751059755,83.49419198884168,3.9028890432428933,25.10664051156712,58.550749697985665,3.996867750534975
target,0,0.02004008016032064,25.055894244291434,79.30028728906741,-4.237549760596697,24.51018992731929,37.57109034038921,-4.154521701583486
target,0,0.024048096192384766,25.02248245725144,82.91684392859644,10.36710789631748,25.553004391314364,-34.28980050951576,10.589955787075427
target,0,0.028056112224448895,24.21759919886289,115.81539886171632,20.50732290974407,24.13308251873159,3.265534656420897,19.758109604622796
target,0,0.03206412825651302,24.247265689824687,146.02215565248022,8.361886559126695,24.189629091088026,61.37054373821569,8.341560557090412
target,0,0.03607214428857715,25.14277324858033,148.0723873601043,-3.4086265068527077,25.372048237469265,241.50175860413793,-3.3101229273397985
target,0,0.04008016032064128,25.053313500378504,147.4128848240236,5.897586596347994,25.133746302791383,211.68351661458647,5.485359530557297
target,0,0.044088176352705406,24.089743853395987,173.08296999070905,18.889333935854268,24.90179879411385,271.79148181949625,19.57916826598167
target,0,0.04809619238476953,23.98003273349075,206.3732848653774,12.62004261749084,24.404990241015525,110.73396375136346,12.686619726497424
target,0,0.052104208416833664,25.056870485497658,216.40784751595427,-0.8577414715841442,25.124812862108282,75.08050796739789,-0.21347655313933278
target,0,0.05611222444889779,25.232728204044374,214.3140304106869,2.1257996451705026,25.48057795818495,166.92866327557306,1.8000322763496992
target,0,0.06012024048096192,24.13080289261743,231.6667254600578,15.63604851816679,24.317124024672463,244.28874784983103,15.262158365499596
target,0,0.06412825651302605,23.651520440869742,264.8909544020246,15.843958677108342,24.485802498111187,300.69187175179366,15.936370983845231
target,0,0.06813627254509018,24.75534375926316,283.4759593631394,3.269695405427474,24.640784990969266,358.7097596361758,2.5779231534812603
target,0,0.0721442885771543,25.407453484433752,283.6834535051938,-0.01438786855597516,25.582268038015023,304.0918583023977,0.07419750202929712
target,0,0.07615230460921843,24.39226139016207,293.17309120188526,11.106420165861621,23.915341016088515,418.27908208080555,11.146483329784326
target,0,0.08016032064128256,23.411039656067004,322.4914196682763,17.06202980901975,21.985470130373077,306.51058349363683,17.480576261472688
target,0,0.08416833667334668,24.22759258937772,348.2436885846727,8.251572773387059,24.59256809586333,282.6938367757179,8.540465553026035
target,0,0.08817635270541081,25.39817190401222,354.5654244311431,0.3079749186826856,25.880866309746935,233.87096254149463,0.13593628848698386
target,0,0.09218436873747494,24.82999409479994,358.87734769267774,6.388848672291903,24.415574957847067,295.0581963702624,5.936580252979973
target,0,0.09619238476953906,23.439392640869215,381.03088421212647,15.664298810441244,24.706805852896657,398.41250472135005,16.36992426494308
target,0,0.1002004008016032,23.591925506271238,410.29250810409474,12.708843964950091,22.779819099867133,346.49138327498923,12.382420547888072
target,0,0.10420841683366733,25.040132275507123,425.10226602457,3.2516873965916924,25.065683473322835,492.3508994997441,2.820836207458361
target,0,0.10821643286573146,25.248214212993425,428.935893104844,3.096190562924335,25.143692216609466,530.3267363166515,2.6491312183140217
target,0,0.11222444889779558,23.843233208158814,442.93983450412446,11.978130714302553,24.699125121261734,272.82746372959474,12.438562103091042
target,0,0.11623246492985971,23.11644946552674,470.5820399842618,15.019469401967404,23.93692789896562,532.6122550342496,14.805635333120065
target,0,0.12024048096192384,24.308769594163206,493.28457393462156,7.852185693566635,24.395291023582256,332.5036567313449,7.541590917658909
target,0,0.12424849699398796,25.34596319629478,501.8077034592678,2.6514036578280287,25.55712618658989,530.6312743418098,2.708144386509045
target,0,0.1282565130260521,24.508824329696676,510.1254243504064,7.562956359004074,24.013091718733083,598.0587409581774,7.477676320361675
target,0,0.13226452905811623,23.113907326378776,531.6986324108134,14.197866341439465,22.00784608626386,536.3546448089979,13.918429351030968
target,0,0.13627254509018036,23.438528215210074,558.2824468960166,12.091205870280247,23.244256794845633,466.4137086665347,12.40191891661425
target,0,0.1402805611222445,24.89104527892921,574.5817643350077,5.2874230407355265,24.978349319214022,532.5537256648851,5.726429894729569
target,0,0.1442885771543086,25.060566137234787,582.5402580560792,4.708324504225621,25.74755082135413,563.7567616694027,5.114364914783312
target,0,0.14829659318637273,23.679720195929985,596.9248049005448,10.84098281140703,24.351119690007298,583.8414728803444,11.157023452833414
target,0,0.15230460921843686,22.904014600786443,621.6231635205484,13.82064683980192,22.687734338344267,607.0572227106335,13.986565170165239
target,0,0.156312625250501,23.957269063155525,644.5901175081642,9.464169333527815,23.788465573975582,636.7016454481727,8.732341992527033
target,0,0.16032064128256512,25.04840258632446,657.5674513354045,5.041655619210565,24.462898819797566,672.8931594379729,5.729538739722965
target,0,0.16432865731462926,24.47119017779287,668.129992517476,7.2486235376823265,23.678263279054054,581.3666292330503,7.373070552827225
target,0,0.16833667334669336,23.103591799685603,686.952332547672,12.293369231438659,22.150823883703804,669.5777568598753,12.543984980479745
target,0,0.1723446893787575,23.050014378888125,711.6062592743401,12.500981662546161,24.139312086880512,820.6020536781847,12.960447525334914
target,0,0.17635270541082163,24.31103142070098,731.4028786544341,8.102452185566618,24.026445632499858,703.7892280666374,8.693123754338686
target,0,0.18036072144288576,24.850974397271514,743.9130448914068,6.02130869437334,24.606357136954504,712.0501029265433,6.1937267207933635
target,0,0.1843687374749499,23.878871611064586,757.66333008144,9.126646406849636,23.17932049020183,835.0669902270023,9.306131029555173
target,0,0.18837675350701402,22.837138880339882,778.7022429694136,12.49767609504236,23.271283408030758,594.9786707799456,12.250741204077453
target,0,0.19238476953907813,23.27131031263066,802.1121890467132,11.342776978671989,22.370122389830435,886.9232226509987,11.356412965057828
target,0,0.19639278557114226,24.3964238345453,820.2303244769453,7.85462662498664,24.277631327626686,774.8660265318088,7.502634514954318
target,0,0.2004008016032064,24.487791568573932,833.8185048071106,7.264859469411682,23.987770051449868,845.5869181267846,6.968178504549362
target,0,0.20440881763527052,23.437941446275428,850.0519743298483,10.159698717050906,23.65398477200363,856.966873368086,9.791464808805559
target,0,0.20841683366733466,22.763569211458332,871.7606631150614,12.186715546016382,22.478339621755413,939.4203407518525,12.122419515363775
target,0,0.2124248496993988,23.392082679197458,893.9775720541737,10.711409042806105,22.732826910803997,874.7669760686466,11.143730832352539
target,0,0.21643286573146292,24.267205724148038,911.7381415615014,8.237274932709123,24.25146898848362,863.0627488617126,9.544004882327224
target,0,0.22044088176352702,24.108281623656584,926.8669462492903,8.311348982911941,24.347458786732005,1020.0391459522968,8.389440065159404
target,0,0.22444889779559116,23.162748278171215,944.6599549482615,10.5929925168926,23.19989097438376,774.9361891433962,10.0373237108618
target,0,0.2284569138276553,22.74917173311886,966.302328268773,11.810785545156774,22.91806967275117,967.7621168293905,12.332073704499546
target,0,0.23246492985971942,23.36485963620914,987.8052561558684,10.54806112882395,23.01065914523283,891.0378454460376,10.424110820841639
target,0,0.23647294589178355,24.01201446094983,1006.0034957995849,8.862135030799639,23.809462633778907,951.330230046234,8.589904219632022
target,0,0.24048096192384769,23.777790562512642,1022.6059584962535,9.076750260561424,23.402293913196516,1166.9938438129511,9.163227327494774
target,0,0.2444889779559118,23.000957304308884,1041.2887507215837,10.718818830881526,22.80018563386192,1038.0872501970096,10.207568683410003
target,0,0.24849699398797592,22.717176496345605,1062.64962011608,11.535866427151008,22.263121978609437,1076.6536511881195,11.627541479739088
target,0,0.25250501002004005,23.212997356471462,1083.882025397883,10.667622463588618,22.249054666470702,955.9838333546004,10.631203711869038
target,0,0.2565130260521042,23.694448481943578,1102.867195744734,9.524222656639525,23.793521850701122,1050.5291637297346,9.5647632999456
target,0,0.2605210420841683,23.49642876642206,1120.7440617960233,9.641724368176432,23.272077437203716,1134.854894936391,9.798902547846756
target,0,0.26452905811623245,22.892311507368273,1139.9766931548752,10.742474823772177,21.982021513315885,1165.4447070491458,10.770287770960143
target,0,0.2685370741482966,22.646322916243786,1161.0820752711627,11.375312202429079,22.90473690458706,1205.3682899000944,11.38204497873797
target,0,0.2725450901803607,22.981241866510956,1182.30791647254,10.90415148892573,22.474613563117536,1182.9273123412606,11.021314924035746
target,0,0.27655310621242485,23.34489999718013,1202.1532664872902,10.142802803057167,23.37390589950994,1239.9868378623833,10.313985634242135
target,0,0.280561122244489,23.23292021241637,1221.139872975192,10.112417482763886,23.640038674254725,1253.7168241740656,9.687352914368985
target,0,0.28456913827655306,22.78921596162107,1240.835255456203,10.78297477097111,22.861239009175215,1109.4784022716276,10.193688340452617
target,0,0.2885771543086172,22.542736089144565,1261.8064312925214,11.301143399587245,23.178968510976244,1264.4630678026547,11.275742917222011
target,0,0.2925851703406813,22.712587435669498,1283.1342500291546,11.150203166974855,22.023070365088838,1338.2618753611268,10.559785863643526
target,0,0.29659318637274545,22.975798254081482,1303.762787714214,10.687668960679947,23.200462676564893,1346.1101920469569,10.723739886109856
target,0,0.3006012024048096,22.951210956092925,1323.7436625120622,10.559147239985753,22.56881836271971,1297.6222804877084,10.945996314881322
target,0,0.3046092184368737,22.65453431599439,1343.9616642500737,10.903732619559733,22.168288005399816,1286.1258301415878,11.153917834257062
target,0,0.30861723446893785,22.413249719101803,1364.96967356013,11.300493770844401,22.090024598136445,1284.6861894253345,10.868552251019231
target,0,0.312625250501002,22.439436686890712,1386.4374237782658,11.357520489900919,22.26546819210905,1377.0290713968238,11.003014134324207
target,0,0.3166332665330661,22.598395244969634,1407.7019614368207,11.140678859964968,22.629757532349828,1489.045635375798,11.275968846592885
target,0,0.32064128256513025,22.62782606250991,1428.5658984184188,11.000366882415252,21.977215513425044,1288.4461069652607,10.834995695895257
target,0,0.3246492985971944,22.457764014308943,1449.4106802740462,11.127519354184372,22.960778472014585,1402.0371290651044,10.99702857852916
target,0,0.3286573146292585,22.249530285487968,1470.6597422518594,11.385170666914423,22.50955254614205,1388.8334553663244,11.631150415078277
target,0,0.33266533066132264,22.175906252909858,1492.3203106019685,11.530448504917509,21.318079805811,1548.672320566655,11.12359661127664
target,0,0.3366733466933867,22.228011167081505,1514.0728767033754,11.4952589672902,23.059039540506095,1474.2790525092926,11.329913781739178
target,0,0.34068136272545085,22.261307083232325,1535.6808338595897,11.414386040754668,23.319956756129343,1501.893810632928,11.08467930752211
target,0,0.344689378757515,22.18029344985077,1557.2136597457882,11.436383245105642,22.83851473367001,1541.6388751286743,11.00651903808183
target,0,0.3486973947895791,22.02785030717748,1578.9014305294766,11.569304177061204,21.927381687499196,1610.8761606689661,11.216110027509844
target,0,0.35270541082164325,21.9104274912025,1600.8645587973094,11.70901585886359,21.312527610319655,1572.6949978523844,11.98819187561243
target,0,0.3567134268537074,21.873688751503153,1623.023363141831,11.772213177407641,22.46248634047327,1404.341104378745,11.793567890005148
target,0,0.3607214428857715,21.868925717173113,1645.2291965556658,11.772425406224482,21.643794866473065,1684.2334946086576,11.410131283325528
target,0,0.36472945891783565,21.825029677522995,1667.4269488446957,11.780169787363663,22.50763343424915,1698.9457921657472,11.684934910508014
target,0,0.3687374749498998,21.725130681527475,1689.6823551159325,11.839461750397122,21.84142979869177,1673.9215299994005,11.164124119865438
target,0,0.3727454909819639,21.609603059040314,1712.0867599923333,11.933868144761284,22.154950650863512,1634.2638959554993,11.631676586449439
target,0,0.37675350701402804,21.522251331394468,1734.6653573549747,12.019503416474192,21.7212435375687,1759.9196109496997,12.90532358991347
target,0,0.3807615230460922,21.466883590224796,1757.37365228402,12.073577310067241,21.86142851555125,1784.5989275205545,12.036388637952795
target,0,0.38476953907815625,21.41415193906351,1780.1586589860053,12.108606613235311,21.420015068428903,1746.4150525194657,12.410116622368571
target,0,0.3887775551102204,21.33826660344048,1803.0088628994895,12.150210499621055,22.335482705580066,1787.4497356103684,12.123223334073746
target,0,0.3927855711422845,21.23997518905873,1825.95164771297,12.210296566268813,21.310841908024162,1759.175819619581,12.35377395090724
target,0,0.39679358717434865,21.138248946374528,1849.0173317153126,12.281080315453798,21.362716659729916,1836.1964413810367,12.554402959774611
target,0,0.4008016032064128,21.047719470058098,1872.2123039025478,12.348212693736103,22.099256076025956,1760.9071599431493,11.893010210578097
target,0,0.4048096192384769,20.9667477880426,1895.5213552215528,12.40506368793822,20.21416967996471,1925.4806252774313,12.392315136846145
target,0,0.40881763527054105,20.883722981075827,1918.9272587826144,12.455563602450193,20.17429410460346,1851.1311536874427,13.106199631891991
target,0,0.4128256513026052,20.790241909933584,1942.425191290221,12.507250630249287,21.331545442320213,1959.5185888260078,12.179432067185246
target,0,0.4168336673346693,20.687270058504577,1966.0219150371352,12.563860475370019,20.032207133522768,1865.0879993491887,12.330435748133485
target,0,0.42084168336673344,20.581231597032403,1989.725847193853,12.623627262274539,21.66653445040454,1947.3656768151657,12.49683047702149
target,0,0.4248496993987976,20.476681395926136,2013.5392421445777,12.682639505854725,20.245719795310805,2005.607220491447,12.79350188689565
target,0,0.4288577154308617,20.373132662148876,2037.4579987456764,12.738591276119562,19.955759747296444,1918.236550687041,12.954905167763648
target,0,0.43286573146292584,20.26709252410063,2061.4762138806072,12.791832565257689,21.340848296890883,2069.742666419782,13.314121415297373
target,0,0.4368737474949899,20.15585956804661,2085.590212421076,12.844019614866745,20.982567436569177,2058.371252587771,13.04985830742045
target,0,0.44088176352705405,20.039275638877545,2109.799227979205,12.896288860231525,21.08210594117977,1984.7156773867953,12.870717329788864
target,0,0.4448897795591182,19.918853705104176,2134.1035181841366,12.948572288834564,20.424781948822286,2040.5438710963788,13.467463644797595
target,0,0.4488977955911823,19.795880839235203,2158.502344703141,13.000026548446451,19.31497915927384,2201.9438457848055,13.290184315779916
target,0,0.45290581162324645,19.670453340766084,2182.993271508745,13.049844175919505,20.737018656595353,2247.2851324771814,12.433488210118039
target,0,0.4569138276553106,19.541775570268605,2207.572737092436,13.097680211313323,19.39212458613935,2198.1030310482647,14.138773654012578
target,0,0.4609218436873747,19.40901059786752,2232.2369376200863,13.143579909289004,19.857095966814356,2261.294741447973,13.87294846368673
target,0,0.46492985971943884,19.27181381490156,2256.9822830679327,13.187667648376504,19.800751897629745,2273.0519866748305,13.11834809254371
target,0,0.468937875751503,19.13028329313371,2281.8052903566218,13.229909193831007,19.04372687073252,2305.4688862466223,13.385642519862012
target,0,0.4729458917835671,18.984612511551504,2306.702214074605,13.27007314299559,19.327509624298774,2399.022857702418,13.815829374560535
target,0,0.47695390781563124,18.834827028316372,2331.668752647405,13.307828222127181,19.349780013723155,2223.4815113572895,13.2368658369766
target,0,0.48096192384769537,18.680750988095227,2356.6999652569657,13.342849905784421,18.890944057640745,2405.2630032548927,13.643821255755963
target,0,0.4849699398797595,18.522124830647687,2381.7903392167173,13.37486556661718,17.90822803644187,2354.365960331474,13.83005233923904
target,0,0.4889779559118236,18.35872497751333,2406.9338813734516,13.403638675734172,18.52525883907041,2390.8343583347437,12.985438121615914
target,0,0.4929859719438877,18.190404384716537,2432.1241508205076,13.42893013670774,18.931047885093953,2410.425677512664,13.18071464180204
target,0,0.49699398797595185,18.01706523059427,2457.354224396763,13.450470706205344,17.629223975522127,2430.4224561363467,13.830174751595596
target,0,0.501002004008016,17.838614720458164,2482.6166303274476,13.467955327346278,17.755059964634487,2394.588147067847,13.657852794705562
target,0,0.5050100200400801,17.654941126842548,2507.9032869664934,13.481052087768795,17.411954790397186,2521.0651869469593,13.861740273270783
target,0,0.5090180360721442,17.465915693800525,2533.205462910177,13.48941372431902,18.49853008181758,2653.162270617853,13.4347836476093
target,0,0.5130260521042084,17.2714068064428,2558.513755102635,13.492684245401472,17.64681093533378,2554.4839720352948,13.373587818671547
target,0,0.5170340681362725,17.071292283029063,2583.8180738912224,13.490499875075416,17.298815782349738,2583.7186418329293,12.666878670885279
target,0,0.5210420841683366,16.865464321368716,2609.1076266818495,13.482487248249681,16.43554921310474,2559.7665080320608,13.010230864437903
target,0,0.5250501002004008,16.65382905204563,2634.3708980794922,13.468261947915952,16.95494157865771,2625.9374139338934,13.487657458728547
target,0,0.5290581162324649,16.43630484596443,2659.595628872101,13.447428847230187,16.05976276763295,2693.0616628602297,13.7872214003133
target,0,0.533066132264529,16.21282202465804,2684.7687974147,13.419584166678145,16.230595959195618,2658.189135275851,13.638477954792775
target,0,0.5370741482965932,15.983324406976767,2709.876606018851,13.384318501295509,15.628272934876481,2677.298066223521,13.33147114669916
target,0,0.5410821643286573,15.74777191772192,2734.904473551605,13.341220184108643,16.125486973794487,2763.8547884040204,13.229225585987152
target,0,0.5450901803607214,15.506143401712983,2759.8370346066686,13.28987874274404,15.828107199556294,2693.933578003413,13.379376499965563
target,0,0.5490981963927856,15.25843921343427,2784.6581454692764,13.229888507308305,15.142126819099495,2802.784849220837,13.26211862581602
target,0,0.5531062124248497,15.004683543434396,2809.3508973385156,13.160852527698548,15.225810591430957,2868.2417046021633,13.739652997961874
target,0,0.5571142284569138,14.744926603333797,2833.8976375521984,13.082386917039585,14.134569614484567,2931.5281865927022,13.1427338306262
target,0,0.561122244488978,14.47924688366615,2858.2799996603567,12.994125738063056,13.646540319019609,2851.7914857766373,12.383717709005879
target,0,0.565130260521042,14.207754905848363,2882.47894318013,12.895727362782429,14.453107791817825,2980.6585913774916,12.371317694915067
target,0,0.5691382765531061,13.930595051846261,2906.474804732699,12.786879772026044,14.023664226768268,2980.7349712426735,13.412746722652468
target,0,0.5731462925851702,13.6479467945282,2930.247359357028,12.667306044714632,14.002543377200134,2858.7293687421743,12.18468143865463
target,0,0.5771543086172344,13.360026520886908,2953.7758937077483,12.536770461891674,14.690755905427293,2866.3402283570827,12.8518129298105
target,0,0.5811623246492985,13.067089050597906,2977.039291250481,12.395084624416498,13.59447900176255,2955.145986843281,12.284490653845376
target,0,0.5851703406813626,12.769428834368057,3000.0161294308464,12.242113519539048,12.25971605020477,3073.8832898347528,12.172157665993016
target,0,0.5891783567134268,12.467380780502145,3022.684788634978,12.077781408065494,13.09111393060598,3017.4953126950554,12.022506504605051
target,0,0.5931863727454909,12.161321176408187,3045.0235723361393,11.902077817409294,11.426528780674653,3001.9024355120673,12.405399483662226
target,0,0.597194388777555,11.851671691344222,3067.0108380530864,11.71506573474009,11.593926461781548,3178.44619701554,11.6355973658902
target,0,0.6012024048096192,11.538896604722133,3088.6251387645134,11.51688433709845,11.500791026575342,3109.2219788856546,11.503153762777803
target,0,0.6052104208416833,11.223499669356462,3109.845370545663,11.307751422323985,12.180216831291107,2943.250174990759,10.67692118239858
target,0,0.6092184368737474,10.906022263367154,3130.650927335415,11.087966025387805,10.490157001453058,3153.419852136603,11.173141310989493
target,0,0.6132264529058116,10.587040920285805,3151.0218600926796,10.857909878370565,10.125564110521719,3188.3555158655763,11.076747679993469
target,0,0.6172344689378757,10.26716596765172,3170.939037594768,10.618049111939516,10.212190848801637,3187.135456892443,10.716598837150627
target,0,0.6212424849699398,9.947042629108926,3190.3843077341976,10.36893693742487,9.57656154840456,3222.6690875697536,10.944997310470935
target,0,0.625250501002004,9.627341450886624,3209.3406551723006,10.111206842699325,10.256446129309476,3204.510946962846,10.133942457709447
target,0,0.6292585170340681,9.308752037737976,3227.792351499426,9.845567595919212,8.705726738298385,3133.1448639943555,9.96877349445305
target,0,0.6332665330661322,8.991977690832735,3245.725097157226,9.572797658284285,8.351240178908144,3219.1122994985517,10.252131212252564
target,0,0.6372745490981964,8.677732237452636,3263.126150986568,9.2937405716687,8.433256952179434,3195.240502028468,8.654993779790024
target,0,0.6412825651302605,8.36673778219428,3279.9844466923646,9.009299835964933,8.08864036084532,3213.0230842271835,8.82145834356905
target,0,0.6452905811623246,8.059712212157882,3296.290691194055,8.72042431889699,9.137147804619282,3205.6151600109047,9.308131408171588
target,0,0.6492985971943888,7.757361804037191,3312.0374432316416,8.428097186869193,8.287510949567926,3344.521583032028,8.813867520052677
target,0,0.6533066132264529,7.460375452400154,3327.219171638756,8.133325384000756,7.509263380147185,3334.2471246330515,8.412879671170296
target,0,0.657314629258517,7.16942340395312,3341.8322916382945,7.837132609826817,6.485149804226097,3309.658551913247,8.180260429068639
target,0,0.6613226452905812,6.88514782977091,3355.875179607202,7.540544311755493,7.356633505239228,3309.2592846271978,7.675325330692154
target,0,0.6653306613226453,6.608153857118678,3369.34816297561,7.244573323736428,6.0496414378656125,3367.6666209661944,7.916939828268427
target,0,0.6693386773547093,6.339004588169912,3382.2534883497297,6.9502088096389185,5.476416501809104,3459.728753477865,7.10587993795818
target,0,0.6733466933867734,6.078220033027179,3394.595267787774,6.658409083915598,6.741606567940014,3250.712852606008,6.757256143135924
target,0,0.6773547094188376,5.826271814117124,3406.379406297378,6.370090467353461,6.003250087258527,3433.435328285211,6.435595895520597
target,0,0.6813627254509017,5.583575868066137,3417.6135093652656,6.086115239199455,6.097776225821739,3378.4369096569144,6.165592726388042
target,0,0.6853707414829658,5.350489669165537,3428.306774726127,5.8072842367715065,5.528464695236323,3293.0125741587435,5.330487907200254
target,0,0.68937875751503,5.12731251884593,3438.4698701939474,5.534333164031207,5.605760024368428,3298.7880701425242,5.851920541298794
target,0,0.6933867735470941,4.914283703021247,3448.114801611239,5.2679272920345905,4.550756108630006,3382.5861797874427,5.214174260572272
target,0,0.6973947895791582,4.711578475471492,3457.2547714460175,5.008655273111538,4.134065369751041,3473.013337152662,5.759449963781794
target,0,0.7014028056112224,4.519307870421176,3465.9040320479744,4.757027303231173,4.899904913196638,3494.1219747684804,4.725852430301477
target,0,0.7054108216432865,4.337520650952432,3474.077735895387,4.513476157951023,3.88890298440681,3406.6683570329815,4.686932765965437
target,0,0.7094188376753506,4.166204562984727,3481.7917863967286,4.278357905705078,3.781165365604085,3554.803606134239,4.37998043047043
target,0,0.7134268537074148,4.005285748202411,3489.0626902158797,4.051951602937482,3.750919964622023,3591.2185113978153,3.7941652213311094
target,0,0.7174348697394789,3.8546310935361414,3495.907413792931,3.834462206177469,3.86439131909064,3524.34242406849,4.2433127964958075
target,0,0.721442885771543,3.714051905666378,3502.343245810867,3.626025043168978,3.516384477056093,3459.8865164622557,4.411084494293302
target,0,0.7254509018036072,3.5833082023307457,3508.3876675710926,3.4267107986394034,2.8155461646393403,3589.1095912108294,3.420621240417668
target,0,0.7294589178356713,3.462111489729577,3514.058232117577,3.236528939012491,3.1027200125040375,3568.288002031788,3.1127043562196293
target,0,0.7334669338677354,3.3501295576223447,3519.372452795684,3.055433005271207,2.108598644539785,3581.643530867358,2.9091288846100385
target,0,0.7374749498997996,3.246992103118474,3524.3477022158386,2.8833263666594333,3.5961164504079504,3477.220250662806,2.10350119039415
target,0,0.7414829659318637,3.152297221697469,3529.001121765882,2.7200685264268203,2.2577207693854215,3325.50878058256,2.6467933423195102
target,0,0.7454909819639278,3.0656172526376837,3533.349542256401,2.565480221937211,2.448938242165825,3685.313725677811,2.668914269488929
target,0,0.749498997995992,2.986504896792698,3537.409414905789,2.419348616371303,3.0156334686493618,3421.764640014466,2.8540047927747585
target,0,0.7535070140280561,2.9144998587401436,3541.196752758087,2.281432730196497,2.5015336716259586,3538.6289670023693,2.677059698594651
target,0,0.7575150300601202,2.849135350007103,3544.727082028249,2.1514685916914433,3.710742619754139,3715.640516354348,1.9798330966402569
target,0,0.7615230460921844,2.7899444043146553,3548.015402763164,2.0291742235664327,2.0680232277578128,3571.7474699892064,1.9150979776558785
target,0,0.7655310621242485,2.7364654208938086,3551.076158420832,1.914253844726484,2.885584535585572,3619.222453334169,2.377405029577198
target,0,0.7695390781563125,2.6882470745425544,3553.9232133500523,1.8064017304944986,2.666311856391206,3446.066336821355,1.734918831484422
target,0,0.7735470941883766,2.6448527203353835,3556.5698375736984,1.7053058784652013,1.992598456251275,3428.9513318120917,1.4951273300887111
target,0,0.7775551102204408,2.6058640242999846,3559.0286981276727,1.6106512641687414,2.898057614785281,3520.7860260982256,2.184495489798916
target,0,0.7815631262525049,2.5708837962407745,3561.3118561996016,1.5221226980066043,2.4750936679299267,3639.616653899603,1.9497023425531688
target,0,0.785571142284569,2.539538045754007,3563.4307693364053,1.4394073068455058,2.970499847170072,3538.5735614033533,1.4471512338313806
target,0,0.7895791583166332,2.5114773191981925,3565.396298026149,1.3621966700690276,2.9713155915218583,3508.349448137309,1.117506368223735
target,0,0.7935871743486973,2.486377331855741,3567.218716032844,1.2901885418877541,3.694311349866156,3581.430764957518,0.4611109060929819
target,0,0.7975951903807614,2.4639390521538993,3568.907723797539,1.2230883197494604,3.2102457953839885,3646.5797284130545,1.4660998281641804
target,0,0.8016032064128256,2.443888323667691,3570.472464385606,1.1606102427736604,2.2377400757012267,3466.740374058121,0.7912244084062507
target,0,0.8056112224448897,2.4259750999210947,3571.9215414613154,1.1024783314036428,2.2923076412726444,3485.0167994572957,0.29365426852497445
target,0,0.8096192384769538,2.4099723836010942,3573.263038826914,1.0484270971188319,3.024013692661863,3516.644563958722,1.7015172652590627
target,0,0.813627254509018,2.3956749538714943,3574.5045411152523,0.9982020492832043,2.76156909101887,3653.088503852523,1.2652237001751014
target,0,0.8176352705410821,2.3828979552382146,3575.653155274082,0.9515600248240388,2.7403423877936723,3592.5109655531323,0.4821850769867819
target,0,0.8216432865731462,2.371475410150376,3576.7155325268877,0.9082693647843372,1.4685798142260968,3729.782580089953,0.4078255670798371
target,0,0.8256513026052104,2.361258706170908,3577.6978905388773,0.8681099599731469,2.3476751887568237,3644.925221248477,1.227025412509376
target,0,0.8296593186372745,2.352115097793666,3578.6060355572854,0.8308731860321273,1.940004416169157,3576.0865568553722,0.46906945641062336
target,0,0.8336673346693386,2.3439262532554204,3579.4453843321753,0.7963617463098939,2.500233957819357,3670.265176498024,1.3304933532084342
target,0,0.8376753507014028,2.3365868682233844,3580.2209856574927,0.7643894390391567,2.2817804590704074,3595.404331821414,1.0184267317085514
target,0,0.8416833667334669,2.3300033611100015,3580.93754140215,0.7347808634820173,2.8382401375588193,3530.331318764723,0.9559074237409585
target,0,0.845691382765531,2.324092658947062,3581.5994269276966,0.7073710779728473,2.5012248267947417,3630.4147426126533,0.8741424054460207
target,0,0.8496993987975952,2.318781078140677,3582.210710812684,0.682005221161738,2.757860455986663,3532.221500600334,0.7609003894429314
target,0,0.8537074148296593,2.3140033008889414,3582.7751738245356,0.6585381062536398,2.0535585288868967,3561.9275994330524,1.0213887869435512
target,0,0.8577154308617234,2.309701446444221,3583.296327096684,0.6368337964480505,1.7823300512501055,3678.617693780726,0.44971139666405
target,0,0.8617234468937875,2.305824239386916,3583.777429468129,0.6167651849669715,2.0768557009994177,3576.5064432477006,0.6521852138052809
target,0,0.8657314629258517,2.302326252448091,3584.221503990937,0.5982135633899972,2.29282218660142,3526.564076374977,0.9080839335069424
target,0,0.8697394789579158,2.299167227327446,3584.631353609175,0.5810681691045178,2.5108825880660475,3551.29660426707,0.8130711269332322
target,0,0.8737474949899798,2.296311471856183,3585.0095759998662,0.5652257477411363,3.5578919016943438,3658.3638043534206,0.0727825214512014
target,0,0.877755511022044,2.2937273241724467,3585.3585775982338,0.5505901229141373,2.270131261518214,3545.691746347203,0.3443758367416778
target,0,0.8817635270541081,2.291386681151484,3585.6805868228516,0.5370717776428852,1.7575944770111218,3557.907173323582,0.6412498097995039
target,0,0.8857715430861722,2.2892645990813696,3585.9776664453807,0.5245875022315167,2.096071084237136,3549.3438094905523,0.35644834052070307
target,0,0.8897795591182364,2.287338907300188,3586.251725251496,0.5130600017806672,2.02847054457077,3599.455715288365,1.2443807021228643
target,0,0.8937875751503005,2.2855898703238124,3586.5045290324624,0.5024174725760776,2.5544453557396056,3558.8302635720324,0.3404026061379637
target,0,0.8977955911823646,2.283999902855642,3586.7377108838796,0.4925932355998941,1.4236309129563112,3471.7420855781406,0.4257444843532636
target,0,0.9018036072144288,2.282553346729732,3586.9527806994506,0.48352547183287126,2.3178783490103054,3523.262163153264,0.8006006710534062
target,0,0.9058116232464929,2.2812362290071864,3587.1511340644283,0.47515691485527345,2.3686282545105892,3520.1863163009766,0.6113664610656774
target,0,0.909819639278557,2.2800360461421127,3587.3340607495093,0.46743443903118415,2.40968411900096,3676.5918160371843,0.4075681525684211
target,0,0.9138276553106212,2.278941619267486,3587.502752516268,0.4603088029538191,1.9454050027705971,3645.8445283191136,0.1485646795986324
target,0,0.9178356713426853,2.277942957435217,3587.6583101098026,0.45373452318897695,2.1450893262501554,3629.8175932611966,0.5779857321074309
target,0,0.9218436873747494,2.277031066954893,3587.801750257346,0.44766941551412487,1.4818466044135707,3551.522134915593,0.8758716360493397
target,0,0.9258517034068136,2.276197901503978,3587.9340119865756,0.4420744200564295,2.000731940857258,3529.3684312263576,0.6395052174634261
target,0,0.9298597194388777,2.2754362185308192,3588.055961989972,0.4369135584228307,1.9723066204090876,3551.6213318705586,0.11623118581256492
target,0,0.9338677354709418,2.274739490730258,3588.1684008262578,0.43215332020483055,2.5070585792888096,3512.6540495184677,1.147862530869204
target,0,0.937875751503006,2.274101861743006,3588.27206698946,0.42776300433427916,1.6284986436159756,3767.5457952392903,-0.16835862655586964
target,0,0.9418837675350701,2.2735180137811324,3588.367642521565,0.4237139519814773,2.709732917742226,3427.1762602121207,-0.22849644918433187
target,0,0.9458917835671342,2.27298318484638,3588.4557564306865,0.41997996101846485,3.1074916541061453,3628.945864148133,0.8158168828675534
target,0,0.9498997995991983,2.2724930319319783,3588.5369895847602,0.4165365229379545,1.1166295999668199,3496.3191281873187,0.5096033362447077
target,0,0.9539078156312625,2.272043639775521,3588.6118773528406,0.4133613611384807,2.510063177843951,3581.121070126525,0.1869179930690279
target,0,0.9579158316633266,2.2716315168599808,3588.6809145831644,0.410433421868122,2.6496116640785514,3517.752369022445,-0.04227761309883071
target,0,0.9619238476953907,2.271253277867349,3588.744556304372,0.40773388347795775,1.9153134333210604,3504.202708837709,1.3641144521917778
target,0,0.9659318637274549,2.270906276703042,3588.803224078208,0.4052447950274571,2.049072805840079,3506.948663069041,0.4534968816606352
target,0,0.969939879759519,2.2705876295014837,3588.8573053728455,0.40294979436288864,2.196388155304724,3714.847559045768,0.6230892527228574
target,0,0.9739478957915831,2.2702950026603226,3588.9071581162225,0.4008339107111569,2.1040109070200876,3579.3599346087203,0.5318314766953821
target,0,0.9779559118236472,2.2700262062082364,3588.9531122726285,0.398883210032782,2.0974757835682394,3533.983439996578,0.578063626567616
target,0,0.9819639278557113,2.269779233878058,3588.995472402666,0.3970847665680159,1.3339118299297756,3628.895354486406,0.6196527961642608
target,0,0.9859719438877754,2.269552240251254,3589.0345187377525,0.39542686708942526,2.9130051643724277,3589.7774948374604,0.6972521598756611
target,0,0.9899799599198396,2.26934362831594,3589.0705105057195,0.3938984649044885,2.8721941977285925,3640.7616510877074,0.23927271607431727
target,0,0.9939879759519037,2.269151808842593,3589.1036863027357,0.3924894122986567,1.8149755743669727,3458.1405112622647,0.2723063943377018
target,0,0.9979959919839678,2.268975370918157,3589.134265940216,0.3911905665473563,1.4501355069727966,3610.929955243916,-0.3262691451520273
target,0,1.002004008016032,2.268813176134731,3589.1624527178074,0.3899932138564433,2.55977172370647,3644.6341260017866,0.06843684375118386
target,0,1.006012024048096,2.26866389743426,3589.1884333349894,0.38888944019960847,1.9471484029595931,3469.9024835549053,0.5006125651597131
target,0,1.0100200400801602,2.268526611320929,3589.2123805316846,0.3878720502272532,2.34779214636179,3621.388268335185,0.8185167069816397
target,0,1.0140280561122244,2.268400280413159,3589.234453226819,0.38693415067124554,2.090089792315344,3711.00313281457,0.6337929073899538
target,0,1.0180360721442885,2.268283990792218,3589.254797993907,0.3860696592418152,2.654433815302982,3588.188165182779,0.24567343373386144
target,0,1.0220440881763526,2.2681770015057463,3589.273550086677,0.38527281244843203,2.6561194841021294,3648.2421876189655,-0.13526929014776912
target,0,1.0260521042084167,2.268078558270266,3589.290834128124,0.38453821250138753,1.8629106628694974,3637.4310094566267,-0.7599863061878823
target,0,1.0300601202404809,2.2679878270671394,3589.3067647432913,0.3838611550429955,1.4955282247908517,3538.515012275997,0.8584802821063072
target,0,1.034068136272545,2.267904383256247,3589.3214480980987,0.38323711859754594,1.3840039750775965,3592.176297389994,0.14042119639548306
target,0,1.0380761523046091,2.267827527716643,3589.334981712202,0.38266186909245886,2.608658594323516,3476.8406120531477,0.19785350672429702
target,0,1.0420841683366733,2.2677567590892522,3589.3474555336297,0.38213166126151243,1.6039070571732612,3556.948462523532,0.4363521003213821
target,0,1.0460921843687374,2.2676916037066013,3589.358952650481,0.3816429347978832,1.9846893193533988,3608.4326617464,-0.19757561508918692
target,0,1.0501002004008015,2.2676315835012155,3589.369549295741,0.38119247593641525,1.9346544929988814,3641.280850386513,0.23705041134338647
target,0,1.0541082164328657,2.267576295103032,3589.379315968747,0.38077730578353464,2.238223128417756,3591.1462176031573,1.21463174740466
target,0,1.0581162324649298,2.2675254208221,3589.3883178992537,0.3803946256944051,1.186321936455858,3641.0758668908493,0.5886600002245173
target,0,1.062124248496994,2.267478524818176,3589.3966147656397,0.38004187508772147,2.372891015312041,3510.2191048739505,0.5280851948092735
target,0,1.066132264529058,2.2674353317942044,3589.4042617995106,0.3797167779494502,2.559971977937713,3582.1034261822647,-0.2724148463391893
target,0,1.0701402805611222,2.267395555728086,3589.4113099189512,0.37941712072941064,2.316769756873476,3590.795374710734,1.3039851164656406
target,0,1.0741482965931863,2.267358898551448,3589.4178059781175,0.37914092999684873,2.093762494216322,3722.199748367524,-0.20717994991891592
target,0,1.0781563126252505,2.267325132671565,3589.4237932277993,0.3788863873465185,2.321712622965934,3574.0487936670356,1.1710589873906039
target,0,1.0821643286573146,2.2672940615280988,3589.4293115532855,0.37865173870753693,2.4901184167824275,3553.6049646353117,-0.4929436657863682
target,0,1.0861723446893787,2.26726538350129,3589.4343975695324,0.37843546249006993,0.7190712950614013,3590.96719946802,0.9575738159099907
target,0,1.0901803607214429,2.267238973011554,3589.4390851829166,0.3782361740353798,3.3594050930165826,3523.4560369255582,1.0450216657459217
target,0,1.094188376753507,2.2672146667629716,3589.4434056691694,0.3780524667918694,2.4850397240943938,3603.28118227406,0.03832094364902022
target,0,1.0981963927855711,2.2671922450822373,3589.4473876820703,0.3778831436559867,1.9028924004123682,3563.240115767578,0.5520246831034246
target,0,1.1022044088176353,2.267171599274074,3589.4510577802157,0.3777270961739046,2.048866295360222,3460.8518595997757,0.6033388753748202
target,0,1.1062124248496994,2.2671525795438994,3589.4544404195676,0.377583243912608,2.542854122489931,3585.248518667172,0.04222591687561417
target,0,1.1102204408817635,2.267135021701071,3589.457557983009,0.3774506897139054,2.202303491127047,3566.661175874213,-0.21971753704690855
target,0,1.1142284569138277,2.267118876227,3589.460431377724,0.3773285302943784,1.1332005677344472,3472.268950698177,-0.16569083772998394
target,0,1.1182364729458918,2.2671040070392214,3589.4630797285377,0.3772158970687944,3.4199006578182543,3584.6435265075816,0.6001604786422169
target,0,1.122244488977956,2.2670902639339734,3589.465520538101,0.3771120978870088,2.205365226362953,3696.3862133714542,0.34203672991853606
target,0,1.12625250501002,2.2670776363477296,3589.4677701839746,0.37701645156457503,2.8367340915934953,3626.892106179936,0.14447311283240827
target,0,1.130260521042084,2.2670659844921097,3589.469843594826,0.37692826003355423,1.8806307675775322,3633.4000262217196,0.7753245907659946
target,0,1.134268537074148,2.267055235256391,3589.471754530038,0.3768470260800277,3.124956153984756,3493.165859240084,0.5862172043715547
target,0,1.1382765531062122,2.2670453694789274,3589.473515843146,0.37677211945492184,2.426937443559236,3623.7099947741044,0.0654527804688787
target,0,1.1422845691382764,2.2670362555009858,3589.4751391607188,0.3767030507235819,2.6070098860073325,3600.132317495622,-0.11830120274707107
target,0,1.1462925851703405,2.2670278224280747,3589.4766352164793,0.3766394490238991,1.6833665261054818,3627.4567318913637,0.5922708665906444
target,0,1.1503006012024046,2.2670201089117272,3589.4780141635306,0.3765808247246648,2.9433141565616276,3619.8184741979285,0.1550475933572892
target,0,1.1543086172344688,2.267012963762933,3589.4792850455256,0.3765267655317789,2.652202026222877,3491.8607835089283,0.41740818978958005
target,0,1.158316633266533,2.2670063892159584,3589.4804563592024,0.3764769692414211,2.993947131594548,3586.5082968698916,1.0260554819546113
target,0,1.162324649298597,2.2670003403241417,3589.4815359525624,0.3764310436304076,1.9162811643449866,3535.074074245422,0.5834359562439452
target,0,1.1663326653306612,2.2669947387844918,3589.4825309060284,0.3763887350127791,1.9983929618181284,3585.8869995507134,0.021056323466726312
target,0,1.1703406813627253,2.2669895849773893,3589.483447908898,0.37634976338551607,3.553478631500509,3525.0591388135826,0.44255678283176125
target,0,1.1743486973947894,2.266984872508707,3589.4842931570242,0.3763138120882764,1.6750803360107733,3683.7063895204074,-0.016262534365827475
target,0,1.1783567134268536,2.266980472097212,3589.485072102654,0.37628066526855675,2.1910672235945317,3527.8195433533915,1.039138059627943
target,0,1.1823647294589177,2.266976455613233,3589.485790054288,0.3762501596386757,2.901807691718869,3524.9508362662577,0.14482864933312567
target,0,1.1863727454909818,2.2669727449226666,3589.486451778131,0.3762219960946033,2.321541601801638,3594.8410013060216,0.46163639138766766
target,0,1.190380761523046,2.2669693068386803,3589.4870616031835,0.3761960809038773,2.5924860776433167,3512.1622435721556,0.5030098844048942
target,0,1.19438877755511,2.266966168476666,3589.4876237060325,0.3761721861554685,2.043916957840024,3559.0010941770015,0.44179786008623484
target,0,1.1983967935871742,2.266963288597006,3589.4881418310074,0.3761501060177441,2.47359959918749,3529.9050790470706,-0.4309501582377949
target,0,1.2024048096192383,2.266960562898239,3589.4886192142453,0.3761298097159615,1.537406197744538,3690.7964990094756,-0.21992719458002635
target,0,1.2064128256513025,2.266958122022665,3589.489059295295,0.376111122918315,3.192845311944568,3645.901825440779,0.18970167627651396
target,0,1.2104208416833666,2.2669558412128588,3589.489464879394,0.37609385897754527,2.2009739635244916,3585.3637347735025,0.5077288208800097
target,0,1.2144288577154307,2.2669537420904327,3589.4898386740892,0.3760779732847701,1.8871475581232047,3561.404411595659,0.3193004084619323
target,0,1.2184368737474949,2.266951818788728,3589.4901832172627,0.3760633129640847,2.639054914653343,3657.0385503043017,-0.018368481291398675
target,0,1.222444889779559,2.266950029975203,3589.4905007372195,0.37604980584227665,2.009687707692601,3618.580054954117,-0.1796236285324333
target,0,1.2264529058116231,2.266948370974633,3589.490793347812,0.3760373789837849,1.521908886510686,3625.245918067517,0.2105591562264521
target,0,1.2304609218436873,2.266946888487114,3589.4910631170737,0.3760259143190953,1.5149503767594295,3587.610725417413,0.1829711844555598
target,0,1.2344689378757514,2.266945477690628,3589.491311702674,0.3760153173937995,2.654342974572743,3468.293472617939,0.5873505711577949
target,0,1.2384769539078155,2.266944189792439,3589.491540800685,0.37600559532818234,2.177839631238921,3581.417620877135,0.24153271613426966
target,0,1.2424849699398797,2.2669430166542512,3589.491751991286,0.3759966078025482,2.192285112490695,3551.2643620734934,0.6243669676534902
target,0,1.2464929859719438,2.2669419109493325,3589.491946600062,0.3759883210186644,2.868745614503551,3635.800390323665,0.1309385432114123
target,0,1.250501002004008,2.2669408988834543,3589.492125938713,0.37598073226047085,1.6377301892417409,3662.1321775642723,0.2705028978058983
target,0,1.254509018036072,2.2669400188294784,3589.4922913692953,0.37597365461578847,1.8589352821375282,3542.2580617105195,0.23254689765573153
target,0,1.2585170340681362,2.2669391231505434,3589.492443693533,0.37596714913160023,2.052025250944412,3623.1177656696573,0.05356081658860784
target,0,1.2625250501002003,2.2669383372337544,3589.49258410084,0.37596121684261363,2.31962352602573,3714.111137243035,0.6335669465720286
target,0,1.2665330661322645,2.266937622818577,3589.4927135532575,0.375955708112807,2.243389414580036,3541.557694313393,0.04068017541291219
target,0,1.2705410821643286,2.2669369492863027,3589.4928328358,0.3759506366171488,2.106741387108031,3710.2378006738554,0.1609869006126055
target,0,1.2745490981963927,2.2669363377639464,3589.4929427885622,0.3759459618584154,2.2325246373095076,3528.2859031011362,0.3458140188133934
target,0,1.2785571142284569,2.266935771809371,3589.4930441277247,0.3759416473485591,2.2070173456260336,3591.1413223361574,-0.15869674420976992
target,0,1.282565130260521,2.266935231718482,3589.493137492784,0.37593767720058724,1.8651137749650801,3588.6929953034573,0.24203492739260274
target,0,1.2865731462925851,2.266934754188383,3589.4932235652345,0.37593403235291467,1.812965834337099,3590.3187282613826,0.08281113164144
target,0,1.2905811623246493,2.266934326795221,3589.4933029287054,0.375930653539423,2.4202221117478167,3529.356492862607,0.2159758306065038
target,0,1.2945891783567134,2.266933890253723,3589.4933760196845,0.3759275217875955,1.7694538829217847,3547.052409148459,0.3512317353150169
target,0,1.2985971943887775,2.2669335249088265,3589.4934433984427,0.37592469735027195,1.6206754091610955,3541.5578810114694,0.0462875468847489
target,0,1.3026052104208417,2.2669331845650618,3589.493505548651,0.3759220159952134,2.092551636486032,3612.9661125824605,0.2852307827822709
target,0,1.3066132264529058,2.2669328248998863,3589.4935627125924,0.3759196069984607,2.1788927974559087,3613.18674553883,0.9152101328116264
target,0,1.31062124248497,2.2669325450226254,3589.4936154668603,0.37591740423894693,3.5270692779279615,3749.2939024489115,0.36528605232405087
target,0,1.314629258517034,2.266932361830965,3589.4936642981415,0.3759152454499238,1.8734332449218196,3687.9168070204364,0.8478674016937024
target,0,1.3186372745490982,2.266932015600174,3589.493708980627,0.37591331619965546,2.7936414195940777,3552.89212139916,0.5187005337329726
target,0,1.3226452905811623,2.2669317991506586,3589.4937502639873,0.3759116223150921,2.6841559152007006,3612.8161025329855,0.6949361895194573
target,0,1.3266533066132264,2.266931592409618,3589.493788340394,0.3759100070546358,1.6030340377253913,3661.076773239687,0.056762488831671676
target,0,1.3306613226452906,2.2669313952466514,3589.493823428831,0.37590851055853475,2.6987098039972186,3591.6907248704997,0.4191398019902641
target,0,1.3346693386773545,2.2669312120495206,3589.4938557659625,0.37590713154295624,1.6058615312183702,3584.494294877118,0.43109143262806615
target,0,1.3386773547094186,2.2669310450002307,3589.493885566389,0.3759058686427364,0.7820700860774532,3593.196444762591,0.12344835695330547
target,0,1.3426853707414828,2.2669308943342235,3589.493913035941,0.37590470644569024,2.6054949698346896,3651.755602243679,0.036824615425673
target,0,1.3466933867735469,2.2669307661458427,3589.4939384100653,0.3759035802465132,1.286455211297634,3528.5931058671517,-0.23822127235744534
target,0,1.350701402805611,2.266930615869242,3589.4939617159444,0.37590258336795485,2.5187288889562365,3566.1141880905566,0.9924481607352902
target,0,1.3547094188376752,2.2669304534644055,3589.493983080105,0.37590177311513695,1.8849841233188822,3623.266324319938,-0.024816639820595343
target,0,1.3587174348697393,2.266930410741005,3589.4940030020266,0.3759009390670267,3.193610582638382,3611.852752367159,0.930666435785666
target,0,1.3627254509018034,2.2669303033610144,3589.4940213107457,0.375900093926218,2.8635775865327164,3606.6936400231803,0.1832503962981033
target,0,1.3667334669338675,2.266930188820075,3589.4940381142405,0.3758993794572198,2.013763105526552,3562.9460550137387,0.020473711745005174
target,0,1.3707414829659317,2.2669301038139236,3589.494053633553,0.37589872116654516,1.8828469669259498,3659.312285828035,0.6324332138717672
target,0,1.3747494989979958,2.2669300259005474,3589.494067948171,0.3758981003620193,1.588998709077353,3742.684223435522,0.11578962482772237
target,0,1.37875751503006,2.2669299530563483,3589.4940811479573,0.37589751718958203,2.0207222071865467,3618.670602589845,0.6101542828828433
target,0,1.382765531062124,2.2669298777062687,3589.4940932787026,0.3758970093853969,2.110381564110551,3575.6259601426846,0.23874829903271408
target,0,1.3867735470941882,2.266929804212128,3589.4941044263296,0.375896577114961,2.0632877842253627,3643.748612648886,0.5738751554673556
target,0,1.3907815631262523,2.2669297498222933,3589.4941147208892,0.37589617962971317,2.3544319557651128,3550.7898448763513,-0.023084517778219793
target,0,1.3947895791583165,2.2669297297910487,3589.4941243070743,0.3758957434573837,2.589971604852997,3535.673940880635,0.718487975746952
target,0,1.3987975951903806,2.2669296681780167,3589.49413307686,0.37589533784271023,2.46217397950312,3591.849469286054,0.5769844554233013
target,0,1.4028056112224447,2.2669296117663214,3589.494141138918,0.37589499361945317,1.8402376271728338,3404.0754685872257,-0.00308471634680485
target,0,1.4068136272545089,2.266929570425309,3589.49414858174,0.37589468252032404,1.4640780679862173,3506.6521849956007,1.4650245269630906
target,0,1.410821643286573,2.266929537546335,3589.4941554439947,0.3758944038000363,3.0288734385478273,3564.5140139183814,0.5984742051346164
target,0,1.4148296593186371,2.2669295029633347,3589.4941617799195,0.37589412168714237,1.8819464760381708,3492.3345316640007,1.319774831457265
target,0,1.4188376753507013,2.2669294602753336,3589.4941676097014,0.37589385145281556,1.9026938209064594,3515.3608383617347,1.0353497083025707
target,0,1.4228456913827654,2.266929405055128,3589.494172876908,0.3758937150476448,1.975901373479883,3558.1400600765123,0.2980766144769905
target,0,1.4268537074148295,2.2669294231792336,3589.4941779048686,0.37589349941097233,1.2377738158430804,3471.545888873437,0.20600004782593176
target,0,1.4308617234468937,2.2669294518304834,3589.494182687363,0.37589312003813163,2.000032510053451,3560.3423352433774,0.20963124912536116
target,0,1.4348697394789578,2.266929305531622,3589.4941866633353,0.37589299242908847,1.9990932542357225,3551.067203254239,-0.3782451784712645
target,0,1.438877755511022,2.2669293218321163,3589.4941905468027,0.37589290198099945,2.6133325388151523,3591.318027528204,0.0891455591421006
target,0,1.442885771543086,2.2669293186060995,3589.494194142579,0.3758927554161438,2.65694232241637,3672.3529326443704,0.4775827962196622
target,0,1.4468937875751502,2.2669292992065784,3589.494197442078,0.3758926045113257,2.2690349341498974,3601.8782696168323,1.0047258779420665
target,0,1.4509018036072143,2.266929278903843,3589.49420047647,0.3758924693166404,2.7872661155279967,3591.0062405607136,0.057440183850293036
target,0,1.4549098196392785,2.2669292633790032,3589.4942032645786,0.3758923636226434,2.4567630487330483,3596.6340272703032,0.7393798897154481
target,0,1.4589178356713426,2.266929265142392,3589.4942058808842,0.37589223658223736,2.258172496799456,3605.8187069943624,-0.14029012091292092
target,0,1.4629258517034067,2.266929251482974,3589.494208277646,0.37589210619139923,2.3567902807471035,3516.5026578974507,0.13427494056214942
target,0,1.4669338677354709,2.266929183532064,3589.494210339986,0.3758920686137259,2.1604697653506677,3581.2545030052975,0.18730252959993673
target,0,1.470941883767535,2.266929216720401,3589.4942124013182,0.37589202092488394,2.046448339378066,3611.6594284617877,0.5291119960206019
target,0,1.4749498997995991,2.266929218737629,3589.494214317381,0.375891891540887,2.1174289078334922,3491.087513183559,0.5643450500626472
target,0,1.4789579158316633,2.2669291893706878,3589.49421600263,0.37589181608689287,1.6370564931273968,3651.6393395443315,0.7724641225930875
target,0,1.4829659318637274,2.266929184844169,3589.4942175890533,0.37589174983471585,2.4235256375025336,3667.126078448299,0.6935466712545324
target,0,1.4869739478957915,2.2669291734003294,3589.494219042372,0.3758916850739504,1.7123767242650072,3544.1678096128066,0.47609910158768093
target,0,1.4909819639278556,2.266929161970486,3589.4942203768414,0.37589163040319623,2.736889470661593,3572.168608148388,0.5367574837869546
target,0,1.4949899799599198,2.266929166992261,3589.494221629609,0.37589158236100717,2.127633448852414,3526.4490381517603,1.0305106753381708
target,0,1.498997995991984,2.266929165462088,3589.4942227839715,0.37589152490032823,2.294566775717144,3639.7026670803766,0.16534347870207275
target,0,1.503006012024048,2.266929136271337,3589.4942238084836,0.3758914657876059,2.542683725877117,3513.3091981240473,0.6951499808252171
target,0,1.5070140280561122,2.2669291496508532,3589.494224778809,0.3758914635390129,2.6261509104051877,3573.522625859278,-0.3692282522901219
target,0,1.5110220440881763,2.266929152349295,3589.4942257156126,0.37589138106607106,1.3899053374470547,3527.832464545207,0.5453984925780566
target,0,1.5150300601202404,2.2669291234358786,3589.4942264964257,0.37589135110645505,2.151395730523757,3593.152228169364,0.17674859676613006
target,0,1.5190380761523046,2.2669291314825917,3589.494227229756,0.3758913807065485,2.758414145029683,3460.6867146574386,0.3769509416710464
target,0,1.5230460921843687,2.2669291617140837,3589.494228028967,0.3758912862879727,1.318720166687107,3684.7207564279015,0.8045013963543168
target,0,1.5270541082164328,2.26692908478711,3589.494228541074,0.37589128167504454,2.4831834702121007,3520.2452445413173,0.44373950258792455
target,0,1.531062124248497,2.266929147905911,3589.494229207481,0.37589130118870423,1.007439741117754,3593.7940616041005,0.7406690600247756
target,0,1.535070140280561,2.2669291176909057,3589.494229765254,0.3758912034424358,1.6959693014551416,3574.2372248795687,0.9832163196358163
target,0,1.539078156312625,2.266929084498882,3589.494230193524,0.37589122117358387,2.2885000822061796,3534.7821172345725,0.5362333174322228
target,0,1.5430861723446891,2.266929118542424,3589.4942307083593,0.3758912122545329,1.3418323759001227,3525.7605970372056,0.8584666159637517
target,0,1.5470941883767533,2.2669290996806373,3589.4942311418376,0.3758911507308711,1.7166276193640488,3656.718174641092,0.2413183330899348
target,0,1.5511022044088174,2.266929091770367,3589.4942315011835,0.3758911708385163,1.445067946662709,3551.7585539150728,0.3725079528025646
target,0,1.5551102204408815,2.266929126030787,3589.494231940737,0.3758911297343771,3.187234768855734,3608.961508236986,0.16052440735858575
target,0,1.5591182364729457,2.2669290818524686,3589.4942322182114,0.3758911031463088,2.3586325747703865,3531.9548632074766,0.8056927121609847
target,0,1.5631262525050098,2.2669291114598664,3589.4942325448283,0.3758911345023616,2.5836995612726463,3543.03315215565,0.5465344264130533
target,0,1.567134268537074,2.266929108236313,3589.494232861076,0.37589107510265,2.142589075441655,3623.396801328079,0.16686435296673693
target,0,1.571142284569138,2.2669290883070663,3589.494233077624,0.375891087473267,2.069575566833512,3656.2881517615606,0.439628711279228
target,0,1.5751503006012022,2.2669291147225965,3589.494233354085,0.37589109021874295,1.3643025832262818,3576.9082890404457,0.805111978290488
target,0,1.5791583166332663,2.2669291182136484,3589.494233622922,0.3758910273309739,2.1039694196625924,3487.414769948203,0.3597090443070639
target,0,1.5831663326653305,2.26692903981016,3589.4942336611884,0.37589108184847153,1.8417177504900508,3732.9272703141137,-0.01515552456336694
target,0,1.5871743486973946,2.266929110742644,3589.494233945615,0.37589109975551177,2.74598711334393,3528.00265784532,0.43025073813739245
target,0,1.5911823647294587,2.266929091844116,3589.494234130461,0.37589103866583506,2.9041114404497774,3478.823852412922,-0.4402820816102062
target,0,1.5951903807615229,2.2669290878242667,3589.4942342803074,0.3758910404148717,3.0858551606926152,3775.7476763665627,0.6926944517462271
target,0,1.599198396793587,2.2669290907937785,3589.4942344365945,0.37589103136795393,2.742987419122878,3560.488802635442,0.20226575323739437
target,0,1.6032064128256511,2.2669290812140463,3589.494234562791,0.3758910208182487,1.9326454097238468,3484.5566133722336,0.18249232211560523
target,0,1.6072144288577153,2.266929078935238,3589.494234683303,0.3758910196419684,1.6438209383807791,3540.4301726083586,0.7367572680432504
target,0,1.6112224448897794,2.266929096787837,3589.494234818143,0.37589102930567814,2.6950278151792046,3615.8802405352226,-0.18668021307793276
target,0,1.6152304609218435,2.2669291034611145,3589.494234946351,0.37589101122771706,2.465880223305744,3603.156679728051,1.1782727056093907
target,0,1.6192384769539077,2.2669290745273316,3589.494235020365,0.3758909789435121,1.2793910496333918,3528.348694131735,0.17798758838643602
target,0,1.6232464929859718,2.2669290898467187,3589.494235093898,0.3758910341017093,2.46542733983249,3720.3473522345002,0.16026406518151326
target,0,1.627254509018036,2.266929106465196,3589.4942352435423,0.37589097634333696,2.7217505984314587,3552.050090284958,0.7967284325186674
target,0,1.6312625250501,2.2669290725917324,3589.4942352576627,0.3758909874652246,2.299832660259765,3504.445721495543,0.6679378830528823
target,0,1.6352705410821642,2.2669290882629216,3589.4942353236966,0.375891026938235,2.163596567164509,3658.462303656246,1.3860205663750487
target,0,1.6392785571142283,2.2669291004292655,3589.494235435214,0.3758909877214189,1.815944508059276,3684.9075039819477,0.2888549170864283
target,0,1.6432865731462925,2.266929073909746,3589.4942354503783,0.3758909907008979,1.459195422656353,3530.8065002081835,0.3262725067568029
target,0,1.6472945891783566,2.2669290880798467,3589.494235524123,0.37589099506259466,2.713809197424017,3488.8916748956954,-0.23372170581704604
target,0,1.6513026052104207,2.2669290809609843,3589.494235575634,0.3758909776427286,2.094321995070836,3663.469280010691,0.23903464065654545
target,0,1.6553106212424848,2.2669290768725374,3589.4942356012057,0.3758909975491437,2.1365631208871427,3442.517109422894,0.07859570259564702
target,0,1.659318637274549,2.2669290949236043,3589.4942356880797,0.375890975655533,3.2344670401500433,3501.4352081575444,0.19095815898189164
target,0,1.6633266533066131,2.2669290790784573,3589.494235714144,0.3758909593079769,2.6491491381598222,3658.9470833048927,-0.34287299884278266
target,0,1.6673346693386772,2.2669290749588806,3589.494235729892,0.37589097882550515,2.473994852469255,3585.5204826880727,1.0602122958395963
target,0,1.6713426853707414,2.2669290898937846,3589.494235791982,0.3758909717046375,2.3462552897023126,3570.546203961619,-0.207878477617779
target,0,1.6753507014028055,2.2669290791537566,3589.494235809928,0.3758909659955468,3.1156823092997783,3614.8228993195885,-0.7788713967976226
target,0,1.6793587174348696,2.2669290850664274,3589.494235839781,0.37589097694834406,3.2271342915884786,3578.5265775843704,-0.11384795053254843
target,0,1.6833667334669338,2.266929090770704,3589.494235895058,0.37589094891625946,2.785957467885104,3496.261665815743,0.12705414483660646
target,0,1.687374749498998,2.2669290695062485,3589.4942358712,0.3758909690011715,2.592038723081311,3681.103537862714,-0.09782983629070718
target,0,1.691382765531062,2.266929077828465,3589.4942358857875,0.3758909979396279,1.097319121605102,3684.6168420029026,0.8284919276397524
target,0,1.6953907815631262,2.2669290958350414,3589.494235954328,0.3758909705611598,2.3360144441188075,3604.235037038448,0.3190886949897952
target,0,1.6993987975951903,2.2669290764361913,3589.494235945162,0.37589096698107755,2.1942783718274055,3592.734401710249,0.3863521443598739
target,0,1.7034068136272544,2.2669290824867097,3589.4942359694214,0.3758909707222942,2.31939183021171,3757.4556310957632,0.6274278817493453
target,0,1.7074148296593186,2.2669290805694984,3589.4942359869137,0.375890964474953,2.793518632581738,3569.649153908738,0.49375413327603135
target,0,1.7114228456913827,2.2669290744388126,3589.4942359850047,0.3758909742478179,0.7371147933313438,3570.859234381608,0.7791496838599397
target,0,1.7154308617234468,2.2669290858867535,3589.494236020212,0.37589096933747373,1.949029692397722,3615.6603028879877,-0.08131466975409318
target,0,1.719438877755511,2.2669290929970547,3589.494236057269,0.37589095082545587,2.4176415717030935,3695.1202696836053,0.15026370643918863
target,0,1.723446893787575,2.266929067261577,3589.49423602503,0.37589095528365896,2.0062461692997102,3703.8390648796544,0.6503299771771707
target,0,1.7274549098196392,2.266929089127052,3589.4942360585746,0.3758909714782096,1.4757398085766655,3570.931336637193,-0.6685759389624474
target,0,1.7314629258517034,2.2669290822163815,3589.494236073752,0.3758909488273487,2.752151490146784,3611.629300678607,-0.1908101049023418
target,0,1.7354709418837675,2.2669290777764695,3589.494236064456,0.37589096464020166,2.421532182358807,3490.561782821077,0.5823453205152216
target,0,1.7394789579158316,2.266929092047831,3589.494236101455,0.37589095609630463,1.7246719027313648,3567.0975072768742,0.1779846836815566
target,0,1.7434869739478958,2.26692908680908,3589.494236119843,0.37589092967409127,2.442720549093189,3529.169885491993,0.7616523624346376
target,0,1.7474949899799597,2.2669290513711036,3589.494236029933,0.37589098692331097,2.7256960807495925,3517.213900593881,0.709346849595395
target,0,1.7515030060120238,2.266929096757192,3589.4942361053013,0.37589099080346133,2.2698844690143978,3710.21443472411,-0.11783222079604372
target,0,1.755511022044088,2.266929083122966,3589.4942361139515,0.3758909571630217,2.7139582017023214,3532.6160679929167,0.5434706553345318
target,0,1.759519038076152,2.266929078803038,3589.494236108587,0.37589096287636825,2.3106289479110096,3551.3303092527676,0.8710997521797451
target,0,1.7635270541082162,2.266929081146912,3589.494236119418,0.3758909600670198,2.0462363114975406,3615.7584784311275,0.43664734004964884
target,0,1.7675350701402803,2.266929076177126,3589.494236116497,0.375890959780476,1.6195177369728446,3682.664962427061,-0.02691345246391985
target,0,1.7715430861723445,2.266929075138894,3589.494236117118,0.3758909626888674,2.218946007617641,3624.033435580522,0.7382795834279716
target,0,1.7755511022044086,2.2669290877257193,3589.494236139846,0.3758909642767324,2.375420743202653,3787.588021693639,0.637743649628898
target,0,1.7795591182364727,2.2669290881487987,3589.4942361522876,0.37589095301456327,2.7559872452865473,3584.133830600912,0.5994959364903288
target,0,1.7835671342685369,2.266929067867364,3589.494236127602,0.375890947558979,2.2026539586454517,3608.0674595484247,0.6709228733979382
target,0,1.787575150300601,2.266929089675899,3589.4942361435537,0.3758909776565838,2.5223463830631117,3609.2795767592856,-0.8581618268413518
target,0,1.7915831663326651,2.266929087117916,3589.4942361734165,0.3758909344436746,1.7282972906382288,3692.516266227171,0.7389173150079098
target,0,1.7955911823647293,2.2669290705052183,3589.4942361330905,0.37589095782252613,1.8299150771286798,3625.9088619618024,1.1210056807911948
target,0,1.7995991983967934,2.266929101576339,3589.494236173091,0.3758909738255299,2.205288581242327,3581.1501193805566,0.5558257297749261
target,0,1.8036072144288575,2.2669291407193177,3589.4942363015357,0.37589088405876964,1.6780328631619996,3521.474139293942,0.4553127558463912
target,0,1.8076152304609217,2.26692899197124,3589.4942360198093,0.3758909524758414,2.724948962577504,3607.0428035453274,0.6628870144623653
target,0,1.8116232464929858,2.266929056849724,3589.494236040966,0.3758910683341418,2.5255374068738305,3690.096619940835,0.5152707190052586
target,0,1.81563126252505,2.266929107413252,3589.4942361789736,0.3758909896699951,2.4227739971971727,3560.032974518613,0.6444841372529222
target,0,1.819639278557114,2.2669290894970646,3589.494236183077,0.3758909468307062,2.456170499722576,3627.4670375757732,0.37649713269278395
target,0,1.8236472945891782,2.2669290794149837,3589.494236164022,0.3758909533123918,3.3954639813105336,3607.1651575392743,0.05993883525078475
target,0,1.8276553106212423,2.2669290761950642,3589.494236151562,0.3758909655279266,2.0051189843924364,3651.486212885418,-0.037981316959770806
target,0,1.8316633266533064,2.2669290861051286,3589.4942361744515,0.3758909572038419,1.0376615074607711,3531.7210579012167,-0.035454802380434636
target,0,1.8356713426853706,2.266929076010946,3589.494236165393,0.37589094927252215,2.3782167456280603,3757.959755979577,-0.18992743520044136
target,0,1.8396793587174347,2.266929072309572,3589.4942361514322,0.37589096210167794,2.238672451213891,3497.6634077318517,-0.06411583833603873
target,0,1.8436873747494988,2.2669290951544023,3589.494236189056,0.37589096129985783,1.9779505134955873,3563.2513655774837,1.101692761217492
target,0,1.847695390781563,2.266929069317207,3589.494236169952,0.375890932393989,1.7203581391526255,3656.8397915439173,0.6866469172340408
target,0,1.851703406813627,2.266929080262134,3589.4942361544945,0.37589097918624864,2.0216890897215993,3610.7966764022362,0.11832285924442149
target,0,1.8557114228456912,2.2669291018666278,3589.4942362214388,0.37589093449544286,2.368187061035444,3649.078846906072,0.21501364539180165
target,0,1.8597194388777554,2.2669290729800715,3589.494236193632,0.3758909107326159,1.986160163915001,3553.8791068247087,0.422274848545504
target,0,1.8637274549098195,2.266929049832175,3589.494236069778,0.37589103335379287,3.61402429728508,3584.1239949862234,0.10574687119709791
target,0,1.8677354709418836,2.266929118200234,3589.4942362165502,0.3758909800124166,1.730590991326681,3590.3723689119515,0.4037140646099125
target,0,1.8717434869739478,2.2669290747461996,3589.4942361677304,0.375890953280486,1.824058548760413,3702.1512030004783,0.696334567182334
target,0,1.875751503006012,2.266929079515375,3589.4942361693074,0.3758909622949916,0.9889815668766606,3639.0600562412724,0.3611617059155231
target,0,1.879759519038076,2.2669290806700717,3589.494236175435,0.37589095696491015,2.4073560091357225,3646.6872349993787,0.5143599975192774
target,0,1.8837675350701402,2.2669290759245126,3589.49423616733,0.3758909584414965,1.140983401495933,3542.261797825866,0.7412060830907887
target,0,1.8877755511022043,2.26692907976796,3589.4942361720505,0.3758909608832054,1.9657018359053233,3659.0502091075446,0.26374793192363166
target,0,1.8917835671342684,2.266929088478097,3589.494236187946,0.3758909584086305,2.1129968202160345,3605.688717811857,0.4932505818257606
target,0,1.8957915831663326,2.2669290719725077,3589.494236172646,0.37589094391855576,1.8706225323345835,3689.2208182528702,0.24839924333275346
target,0,1.8997995991983967,2.2669290740054375,3589.494236163003,0.3758909622723413,3.2379019633865456,3734.083382515891,0.36413447371386964
target,0,1.9038076152304608,2.2669290966429725,3589.4942361938815,0.37589096942965383,2.822191139596797,3567.4715564950116,0.24207257184869735
target,0,1.907815631262525,2.266929075275301,3589.494236208678,0.37589090220257443,3.003524779422373,3560.325781310202,0.15794843135319436
target,0,1.911823647294589,2.2669290619100018,3589.494236121448,0.37589099472034226,1.7741933021268694,3527.4645458121045,0.44747607411416923
target,0,1.9158316633266532,2.266929122650051,3589.4942362330235,0.3758909731197926,2.8971272124631833,3579.186679637889,0.6093591603256312
target,0,1.9198396793587174,2.2669290945073093,3589.4942362375336,0.37589090524672775,2.54389213973289,3562.0686732949753,0.4361816407524793
target,0,1.9238476953907815,2.2669290289015063,3589.4942360575624,0.3758910120540739,2.69767607127208,3615.303015461266,0.581411869109628
target,0,1.9278557114228456,2.2669291103453926,3589.494236197346,0.37589099660098546,2.841759692816521,3579.115801074464,0.07179600154188254
target,0,1.9318637274549098,2.2669290767039665,3589.4942361767908,0.37589095150220897,1.7594827949072362,3563.5350654924628,-0.12015740571151423
target,0,1.9358717434869739,2.266929078380185,3589.4942361733542,0.3758909601898844,2.029993440827154,3665.9206803770185,0.5477508060050444
target,0,1.939879759519038,2.266929079839482,3589.494236178791,0.37589095601898004,2.748595939263763,3522.1639224976057,0.6593606396015932
target,0,1.9438877755511021,2.2669290690161805,3589.494236168592,0.3758909466140733,0.7840521584558544,3620.587006199254,0.39643667407329347
target,0,1.9478957915831663,2.266929071768242,3589.4942361656767,0.37589095689479146,3.1119596251660293,3560.35172636533,0.9314042779957508
target,0,1.9519038076152302,2.266929091704007,3589.4942361807853,0.37589097983224284,2.5757937058626386,3641.496567644567,0.7499454234544576
target,0,1.9559118236472943,2.26692909688544,3589.494236207352,0.37589095434636977,2.2414083630710517,3688.942002961944,1.4805298903639414
target,0,1.9599198396793585,2.266929066005554,3589.4942361859476,0.3758909164020644,2.390058814616374,3567.734847511972,0.29313954871957265
target,0,1.9639278557114226,2.2669290789482917,3589.4942361392186,0.3758910101018626,1.6918212801564918,3621.155937712744,-0.03572552119066108
target,0,1.9679358717434867,2.2669291254500354,3589.4942362775705,0.3758909196684334,2.0715234903852346,3602.3297554983924,0.0708872597780616
target,0,1.9719438877755509,2.2669290578111148,3589.494236164711,0.3758909283110717,2.8813192180996414,3532.103794254105,0.14285441024808854
target,0,1.975951903807615,2.266929060489129,3589.4942360941836,0.37589103257720063,2.9917343675658605,3606.780343662025,0.572059249031125
target,0,1.9799599198396791,2.266929107022972,3589.494236206589,0.3758909783479884,3.772479509119612,3610.2501639524867,-0.5134295074569097
target,0,1.9839679358717432,2.266929081824402,3589.49423618496,0.37589095315937054,2.2256501269328317,3619.1341847915323,0.9192538710708782
target,0,1.9879759519038074,2.2669290794544406,3589.494236179085,0.37589095620831,1.8991982586302212,3575.251202246602,0.27727900094422964
target,0,1.9919839679358715,2.266929080637718,3589.494236179671,0.3758909580627491,1.9797848600168158,3596.256290561016,0.274189570826309
target,0,1.9959919839679356,2.2669290808889615,3589.494236180483,0.37589095754690005,1.6984624680224232,3507.107378739863,-0.0688965736692666
target,0,2.0,2.2669290798718458,3589.4942361797157,0.37589095643731685,2.2234555936827305,3563.7852679822477,0.32881964248399875
